replyID,replyDate,typeNameD,title,reply_object,longitude,latitude
17167343,2023-01-16 19:26:00, 投诉/求助 ,郝家庄镇岭上村供气不足供暖不足,山西省长治市上党区委书记,113.116404,36.195409
17163718,2023-01-16 02:38:00, 投诉/求助 ,西留庄留苑小区暖气,山西省太原市尖草坪区委书记,112.486691,37.940387
17038159,2022-12-28 05:10:00, 投诉/求助 ,煤气公司每年腊月基本白天都在停气！,山西省晋中市灵石县委书记,111.77864,36.847927
16999145,2022-12-23 08:37:00, 投诉/求助 ,关于洪洞县堤村乡干河村天然气每晚停气,山西省委书记蓝佛安,112.562678,37.873499
16955074,2022-12-20 01:30:00, 建言 ,取暖问题,山西省临汾市市长李云峰,111.518975,36.088005
16926945,2022-12-15 09:48:00, 投诉/求助 ,供暖问题,山西省大同市云冈区委书记,113.300129,40.076763
16911197,2022-12-13 06:37:00, 投诉/求助 ,天然气停供,山西省临汾市尧都区委书记,111.579554,36.07884
16819587,2022-12-02 22:20:00, 投诉/求助 ,新绛县金鑫小区天天停天然气和水,山西省运城市委书记丁小强,111.00746,35.026516
16795748,2022-11-30 18:36:00, 投诉/求助 ,取暖问题,山西省太原市市长张新伟,112.548879,37.87059
16756934,2022-11-27 07:18:00, 投诉/求助 ,中国燃气何时恢复供气,山西省长治市上党区委书记,113.116404,36.195409
16719375,2022-11-23 23:21:00, 投诉/求助 ,不合理拆迁并停暖停气,山西省太原市委书记韦韬,112.548879,37.87059
16699267,2022-11-22 02:54:00, 咨询 ,取暖问题,山西省大同市云冈区委书记,113.300129,40.076763
16640618,2022-11-17 01:09:00, 投诉/求助 ,煤改气后大冬天停气了,山西省长治市上党区委书记,113.116404,36.195409
16638792,2022-11-16 22:52:00, 投诉/求助 ,壁挂炉改暖,山西省太原市尖草坪区委书记,112.486691,37.940387
16619176,2022-11-15 07:41:00, 投诉/求助 ,原家庄全村集体停气好几天了不给解决,山西省长治市委书记杨勤荣,113.116404,36.195409
16619099,2022-11-15 07:36:00, 建言 ,苏店镇原家庄村有很多烧煤炭炉子和锅炉的,山西省长治市上党区委书记,113.116404,36.195409
16616140,2022-11-15 03:38:00, 投诉/求助 ,中国燃气不卖气，无法取暖。,山西省委书记蓝佛安,112.562678,37.873499
16613849,2022-11-15 01:15:00, 投诉/求助 , 牡丹苑小区，顶层没有暖气,山西省临汾市侯马市委书记,111.372002,35.619105
16608473,2022-11-14 19:22:00, 咨询 ,盐湖区蒲东小区什么时间能接上大暖,山西省运城市委书记丁小强,111.00746,35.026516
16596439,2022-11-13 21:30:00, 建言 ,尧都区屯里镇润泽园小区物业开发商,山西省临汾市市长李云峰,111.518975,36.088005
16508819,2022-11-07 01:38:00, 建言 ,热力公司修管停气期间的费用应该冲减来年费用,山西省阳泉市委书记雷健坤,113.580519,37.856971
16490985,2022-11-05 22:45:00, 投诉/求助 ,天然气,山西省太原市古交市委书记,112.175853,37.907129
16427077,2022-10-31 04:28:00, 投诉/求助 ,老军营小区西区1-4号楼,山西省太原市市长张新伟,112.548879,37.87059
16248016,2022-10-11 05:00:00, 投诉/求助 ,关于输送天然气的问题,山西省太原市古交市委书记,112.175853,37.907129
16232502,2022-10-09 13:02:00, 建言 ,想问下东冶镇天然气是怎么回事，自从夏天停气后,山西省忻州市五台县委书记,113.255309,38.728315
16208313,2022-10-06 09:16:00, 建言 ,反映后不解决,山西省大同市市长张强,113.300129,40.076763
16147283,2022-09-27 23:35:00, 投诉/求助 ,天然气供热改造电采暖是不是给农民增加负担,山西省太原市市长张新伟,112.548879,37.87059
16050015,2022-09-18 06:26:00, 投诉/求助 ,求助解决河东广场综合体小区天然气问题,山西省运城市委书记丁小强,111.00746,35.026516
16045316,2022-09-17 20:26:00, 投诉/求助 ,农村煤改气，停气已半月多,山西省省长金湘军,112.47794,37.715193
15985588,2022-09-11 23:00:00, 投诉/求助 ,投诉太原市天然气公司,山西省太原市委书记韦韬,112.548879,37.87059
15912478,2022-09-04 03:52:00, 投诉/求助 ,上党区博裕佳苑小区停天然气一月余，不给送气,山西省长治市市长陈耳东,113.116404,36.195409
15855319,2022-08-29 02:37:00, 投诉/求助 ,入住小区三年，燃气问题还未解决,山西省太原市杏花岭区委书记,112.570604,37.893955
15814555,2022-08-24 08:50:00, 投诉/求助 ,上党区万人小区北区停天然气,山西省长治市上党区委书记,113.116404,36.195409
15684101,2022-08-10 00:14:00, 投诉/求助 ,无故停气,山西省太原市委书记韦韬,112.548879,37.87059
15657638,2022-08-06 21:31:00, 投诉/求助 ,无故被停天然气快一个月了,山西省太原市市长张新伟,112.548879,37.87059
15650972,2022-08-05 21:28:00, 投诉/求助 ,箱子村，,山西省太原市晋源区委书记,112.47794,37.715193
15634124,2022-08-03 22:39:00, 投诉/求助 ,龙城金帝园停气停电已严重影响住户的日常生活,山西省晋中市市长常书铭,112.752652,37.687357
15616400,2022-08-01 23:33:00, 投诉/求助 ,关于太原市晋源区晋源街办箱子村天然气断供问题,山西省太原市市长张新伟,112.548879,37.87059
15614561,2022-08-01 21:18:00, 投诉/求助 ,关于晋源区箱子村停气问题,山西省太原市委书记韦韬,112.548879,37.87059
15604586,2022-07-31 22:26:00, 投诉/求助 ,龙城金帝园天然气停气数日,山西省晋中市市长常书铭,112.752652,37.687357
15576021,2022-07-28 06:22:00, 投诉/求助 ,黑驼村停气问题,山西省太原市小店区委书记,112.565659,37.736525
15151023,2022-06-19 23:57:00, 咨询 ,建设路79号市建一公司宿舍何时老旧改造,山西省太原市市长张新伟,112.548879,37.87059
14900696,2022-05-29 10:00:00, 咨询 ,名人港湾小区能否安装暖气,山西省运城市市长储祥好,111.00746,35.026516
14893651,2022-05-28 21:25:00, 投诉/求助 ,银座花园小区饭店占道摆摊和车辆乱停放问题,山西省晋城市市长薛明耀,112.851486,35.490684
14269540,2022-04-21 19:51:00, 投诉/求助 ,晋源街道办箱子村故意停天然气问题。,山西省太原市晋源区委书记,112.47794,37.715193
14266628,2022-04-21 09:20:00, 投诉/求助 ,晋源街道办箱子村故意停天然气问题,山西省太原市晋源区委书记,112.47794,37.715193
14072031,2022-04-09 01:33:00, 投诉/求助 ,南寒圣都脏乱差，物业不作为,山西省委书记蓝佛安,112.562678,37.873499
13841582,2022-03-19 07:19:00, 投诉/求助 ,太原市万柏林区神堂沟街道黄坡西山壹号，停水,山西省太原市市长张新伟,112.548879,37.87059
13835294,2022-03-18 19:44:00, 投诉/求助 ,太原市万柏林区神堂沟街道黄坡西山壹号,山西省委书记蓝佛安,112.515937,37.85958
13741462,2022-03-10 10:03:00, 咨询 ,下康拆迁及取暖两大问题,山西省临汾市尧都区委书记,111.579554,36.07884
13201406,2022-02-19 23:07:00, 投诉/求助 ,小店区龙园中区集中供暖,山西省太原市委书记韦韬,112.548879,37.87059
13013624,2022-02-17 22:10:00, 投诉/求助 ,违规不达标供热 家中温度低,山西省委书记蓝佛安,112.565659,37.736525
12885108,2022-02-11 21:17:00, 投诉/求助 ,城北热力公司不作为,山西省太原市委书记韦韬,112.548879,37.87059
12880082,2022-02-11 04:06:00, 投诉/求助 ,怡海花苑小区的有关问题,山西省委书记蓝佛安,112.565659,37.736525
12876434,2022-02-10 21:24:00, 投诉/求助 ,停水停气,山西省委书记蓝佛安,112.414738,35.486029
12861754,2022-02-09 06:07:00, 投诉/求助 ,宏源热力公司供暖太差劲,山西省晋中市太谷区委书记,112.752652,37.687357
12731226,2022-01-23 07:49:00, 投诉/求助 ,宏源供热公司,山西省晋中市太谷区委书记,112.752652,37.687357
12720819,2022-01-22 05:07:00, 建言 ,关于长治到南京无锡等苏南地区无直达高铁的建议,山西省长治市委书记杨勤荣,113.116404,36.195409
17060417,2022-12-31 11:10:00, 投诉/求助 ,求助,内蒙古自治区兴安盟盟委书记张晓兵,122.037657,46.082462
17057360,2022-12-30 23:35:00, 投诉/求助 ,合硕悦府供暖期间停气三天问题,内蒙古自治区通辽市委书记孟宪东,122.243444,43.652889
16693146,2022-11-21 18:25:00, 投诉/求助 ,河西兴隆家园供热不热,内蒙古自治区通辽市委书记孟宪东,122.243444,43.652889
16626893,2022-11-16 00:52:00, 投诉/求助 ,民生问题-燃气检修长期停气无人解决,内蒙古自治区包头市青山区委书记,109.901572,40.643246
16270286,2022-10-13 09:07:00, 投诉/求助 ,美之赢小区取暖,内蒙古自治区兴安盟科尔沁右翼前旗委书记,121.952621,46.079833
15867888,2022-08-30 07:00:00, 建言 ,因1楼不得停止缴纳采暖费,内蒙古自治区赤峰市市长王旺盛,118.88694,42.257843
15844127,2022-08-27 19:52:00, 建言 ,赛罕区前不塔气村停水,内蒙古自治区党委书记孙绍骋,111.701355,40.792667
15653496,2022-08-06 03:50:00, 投诉/求助 ,燃气公司不作为,内蒙古自治区呼和浩特市委书记包钢,111.749995,40.842356
15541957,2022-07-24 23:52:00, 投诉/求助 ,玉泉区恒奥世纪华府小区,内蒙古自治区呼和浩特市市长贺海东,111.749995,40.842356
15395328,2022-07-11 00:59:00, 投诉/求助 ,鄂尔多斯杭锦旗浩绕柴达木全年无故停气,内蒙古自治区主席王莉霞,108.736208,39.833309
14565889,2022-05-08 09:51:00, 建言 ,呼和浩特市出租车司机,内蒙古自治区主席王莉霞,111.76629,40.81739
14308861,2022-04-24 04:53:00, 投诉/求助 ,让企业更好的提高服务质量,内蒙古自治区主席王莉霞,109.953504,40.621157
13647338,2022-03-05 05:41:00, 投诉/求助 ,盛苑小区供暖提前停气,内蒙古自治区兴安盟乌兰浩特市委书记,122.093123,46.072731
12474928,2022-01-03 06:09:00, 投诉/求助 ,居民家里冷的穿穿羽绒服,内蒙古自治区党委书记孙绍骋,123.726201,50.591842
17196758,2023-01-24 22:24:00, 投诉/求助 ,供暖,辽宁省委书记郝鹏,123.431382,41.836175
17196105,2023-01-24 18:48:00, 投诉/求助 ,汤河子地区供暖经常停,辽宁省锦州市太和区委书记,121.103892,41.109147
17143452,2023-01-12 10:27:00, 投诉/求助 ,燃气停气,辽宁省大连市普兰店区委书记,121.938269,39.392095
17112526,2023-01-08 22:34:00, 投诉/求助 ,广惠供暖差,辽宁省本溪市明山区委书记,123.817214,41.308719
17101905,2023-01-07 00:46:00, 投诉/求助 ,要求退供暖费,辽宁省沈阳市委书记王新伟,123.465035,41.677284
17100325,2023-01-06 20:03:00, 投诉/求助 ,大东区吉祥一路文华园小区供暖不达标,辽宁省委书记郝鹏,123.431382,41.836175
17097806,2023-01-06 06:38:00, 投诉/求助 ,暖气停供,辽宁省沈阳市市长吕志成,123.465035,41.677284
17095962,2023-01-06 02:30:00, 投诉/求助 ,大连华润天然气置换不进行影响生活,辽宁省大连市委书记胡玉亭,121.614848,38.914086
17093135,2023-01-05 20:22:00, 建言 ,长兴岛三堂暖气不达标，燃气改造三个月未施工,辽宁省大连市委书记胡玉亭,121.614848,38.914086
17083691,2023-01-04 08:41:00, 投诉/求助 ,华润燃气在天然气置换施工中违规收费至今不退,辽宁省委书记郝鹏,121.525466,38.953343
17045935,2022-12-29 05:03:00, 投诉/求助 ,高新区宏都峰景小区燃气问题,辽宁省大连市委书记胡玉亭,121.614848,38.914086
17029042,2022-12-27 03:04:00, 投诉/求助 ,华润天燃气 ,辽宁省大连市委书记胡玉亭,121.614848,38.914086
16996073,2022-12-23 04:36:00, 建言 ,丹东市新城区新世纪佳园B区暖气停了4天,辽宁省委书记郝鹏,124.35445,40.000787
16955261,2022-12-20 01:56:00, 投诉/求助 ,重工南街132巷小区没有暖气,辽宁省沈阳市铁西区委书记,123.333968,41.820807
16951123,2022-12-19 08:32:00, 投诉/求助 ,全小区天然气无故停气反馈投诉无果,辽宁省大连市市长陈绍旺,121.614848,38.914086
16919725,2022-12-14 09:42:00, 投诉/求助 ,供暖问题,辽宁省辽阳市灯塔市委书记,123.339312,41.426372
16907124,2022-12-12 21:51:00, 投诉/求助 ,暖气停一周了，没有解决,辽宁省沈阳市委书记王新伟,123.465035,41.677284
16901714,2022-12-12 03:09:00, 投诉/求助 ,天然气自8月10管道泄漏停气到现在没有恢复,辽宁省大连市委书记胡玉亭,121.614848,38.914086
16871795,2022-12-08 04:14:00, 投诉/求助 ,富力星月湾小区停水,辽宁省沈阳市沈北新区委书记,123.583196,41.912487
16841711,2022-12-05 05:47:00, 投诉/求助 ,天然气管道原因不给供气,辽宁省大连市西岗区委书记,121.612324,38.914687
16840703,2022-12-05 03:56:00, 投诉/求助 ,西岗区香周路55-5天然气问题,辽宁省大连市西岗区委书记,121.612324,38.914687
16832614,2022-12-04 06:47:00, 投诉/求助 ,供暖不达标,辽宁省本溪市委书记吴澜,123.685142,41.486981
16810826,2022-12-02 00:52:00, 投诉/求助 ,物业不作为,辽宁省沈阳市委书记王新伟,123.465035,41.677284
16805354,2022-12-01 09:31:00, 投诉/求助 ,暖气进水管温乎 回水管拔凉,辽宁省委书记郝鹏,123.957208,41.880872
16789019,2022-11-30 00:48:00, 投诉/求助 ,求助通气,辽宁省委书记郝鹏,121.525466,38.953343
16771332,2022-11-28 10:02:00, 投诉/求助 ,红阳热力供暖公司经常断气,辽宁省委书记郝鹏,123.174325,41.270347
16767335,2022-11-28 04:18:00, 投诉/求助 ,南楼供暖四五年不热,辽宁省营口市大石桥市委书记,122.509006,40.644482
16743767,2022-11-26 03:27:00, 投诉/求助 ,中山区兴和街20号楼3个月没有天然气,辽宁省大连市中山区委书记,121.644926,38.918574
16714796,2022-11-23 09:04:00, 投诉/求助 ,天然气整改造费用该谁出,辽宁省大连市委书记胡玉亭,121.614848,38.914086
16706273,2022-11-22 20:37:00, 投诉/求助 ,华录园天然气改造,辽宁省大连市委书记胡玉亭,121.614848,38.914086
16695860,2022-11-21 22:42:00, 投诉/求助 ,燃气停供一年多何时复供,辽宁省大连市委书记胡玉亭,121.614848,38.914086
16677787,2022-11-20 07:37:00, 投诉/求助 ,停气一年，千户居民无法正常生活,辽宁省省长李乐成,121.614848,38.914086
16641902,2022-11-17 02:39:00, 投诉/求助 ,甘区六和路74号及周边楼停天然气三个多月,辽宁省大连市甘井子区委书记,121.525466,38.953343
16624194,2022-11-15 21:32:00, 投诉/求助 ,小区更换天然气后停气三天,辽宁省大连市市长陈绍旺,121.614848,38.914086
16562580,2022-11-10 22:00:00, 投诉/求助 ,燃气费账单有问题，联合收费处和燃气公司互相推,辽宁省大连市委书记胡玉亭,121.614848,38.914086
16486332,2022-11-05 09:07:00, 建言 ,1号供暖5号停供，供暖未进行热态试运行,辽宁省省长李乐成,123.442378,41.824516
16446622,2022-11-02 00:13:00, 投诉/求助 ,九邦大厦将居民无法使用天然气做饭,辽宁省大连市委书记胡玉亭,121.614848,38.914086
16436780,2022-11-01 02:37:00, 投诉/求助 ,天然气改造,辽宁省大连市委书记胡玉亭,121.614848,38.914086
16433727,2022-10-31 22:36:00, 投诉/求助 ,供暖公司不收采暖费不给予供暖,辽宁省沈阳市铁西区委书记,123.333968,41.820807
16406913,2022-10-28 21:10:00, 投诉/求助 ,高新园区天然气改造,辽宁省大连市市长陈绍旺,121.614848,38.914086
16386917,2022-10-26 18:59:00, 投诉/求助 ,益祺嘉热力公司退费,辽宁省阜新市细河区委书记,121.68054,42.025494
16360132,2022-10-23 23:13:00, 投诉/求助 ,天然气通气,辽宁省大连市市长陈绍旺,121.614848,38.914086
16308939,2022-10-17 22:54:00, 投诉/求助 ,大连华润燃气迟迟不予通气,辽宁省大连市委书记胡玉亭,121.614848,38.914086
16293132,2022-10-16 03:39:00, 投诉/求助 ,天然气安装近二十天停煤气无法做饭,辽宁省大连市委书记胡玉亭,121.614848,38.914086
16243349,2022-10-10 21:22:00, 建言 ,居民楼停气1个多月，无人管无人解决,辽宁省委书记郝鹏,123.420368,41.789833
16200776,2022-10-05 03:07:00, 投诉/求助 ,茂泉小区90号楼燃气何时恢复,辽宁省沈阳市委书记王新伟,123.465035,41.677284
16191519,2022-10-03 11:01:00, 建言 ,华润燃气投诉没用，一直不给挂表通气,辽宁省大连市中山区委书记,121.644926,38.918574
16188973,2022-10-03 03:56:00, 投诉/求助 ,十一国庆假期停供天然气,辽宁省大连市委书记胡玉亭,121.614848,38.914086
16168090,2022-09-30 01:54:00, 建言 ,投诉华润燃气公司私自停天然气,辽宁省大连市委书记胡玉亭,121.614848,38.914086
16122402,2022-09-25 09:31:00, 投诉/求助 ,燃气公司迟迟不给通气,辽宁省大连市委书记胡玉亭,121.614848,38.914086
16119509,2022-09-25 03:10:00, 投诉/求助 ,请华润燃气正常供气,辽宁省大连市西岗区委书记,121.612324,38.914687
16117607,2022-09-24 22:57:00, 投诉/求助 ,西岗区九邦大厦多日无天然气，居民无法做饭,辽宁省大连市委书记胡玉亭,121.614848,38.914086
16097238,2022-09-22 22:21:00, 建言 ,沙河口民权小区303号楼燃气问题,辽宁省大连市委书记胡玉亭,121.614848,38.914086
16089267,2022-09-22 01:59:00, 投诉/求助 ,开发式厨房安装临时门就给开栓,辽宁省沈阳市市长吕志成,123.465035,41.677284
16089037,2022-09-22 01:32:00, 投诉/求助 ,华润燃气停气二个月不给恢复通气,辽宁省大连市委书记胡玉亭,121.614848,38.914086
15987554,2022-09-12 03:22:00, 投诉/求助 ,菜市小区13号楼居民燃气已停用10天,辽宁省丹东市元宝区委书记,124.395661,40.136434
15926097,2022-09-05 11:21:00, 投诉/求助 ,天然气供气的问题反映,辽宁省省长李乐成,121.644926,38.918574
15843285,2022-08-27 11:43:00, 建言 ,华润燃气无人上门换表通气,辽宁省大连市委书记胡玉亭,121.614848,38.914086
15812082,2022-08-24 04:06:00, 建言 ,华润以天然气置换为由停百姓日常用火一个月,辽宁省大连市委书记胡玉亭,121.614848,38.914086
15791328,2022-08-22 02:16:00, 投诉/求助 ,燃气停供快20天了,辽宁省大连市委书记胡玉亭,121.614848,38.914086
15763627,2022-08-18 21:08:00, 建言 ,沈阳沈河区东陵路10号巷马路中间大量汽车长期,辽宁省沈阳市市长吕志成,123.465035,41.677284
15757494,2022-08-18 03:04:00, 投诉/求助 ,宏爱巷燃气停供半个月无人维修,辽宁省大连市中山区委书记,121.644926,38.918574
15756820,2022-08-18 01:56:00, 投诉/求助 ,华润燃气管理混乱，且无视居民的财产安全,辽宁省大连市委书记胡玉亭,121.614848,38.914086
15747987,2022-08-17 03:42:00, 投诉/求助 ,华润燃气出尔反尔，太霸道太无理,辽宁省大连市市长陈绍旺,121.614848,38.914086
15671460,2022-08-08 11:02:00, 建言 ,大连市华润集团违法给306户居民断气 ,辽宁省省长李乐成,121.644926,38.918574
15668369,2022-08-08 04:41:00, 投诉/求助 ,华润燃气8月3日至8月10日停气的事,辽宁省大连市市长陈绍旺,121.614848,38.914086
15644633,2022-08-05 01:09:00, 投诉/求助 ,大连华润燃气的停气,辽宁省委书记郝鹏,121.644926,38.918574
15631889,2022-08-03 14:14:00, 建言 ,大连华润燃气公司不作为,辽宁省大连市委书记胡玉亭,121.614848,38.914086
15589729,2022-07-30 00:31:00, 投诉/求助 ,水岸华城物业收钱不作为,辽宁省朝阳市委书记张淑萍,120.450879,41.573762
15552645,2022-07-26 02:13:00, 投诉/求助 ,高新区住建局和华润燃气严重影响居民正常生活,辽宁省大连市市长陈绍旺,121.614848,38.914086
15531436,2022-07-22 23:49:00, 投诉/求助 ,请求尽快恢复燃气,辽宁省大连市市长陈绍旺,121.614848,38.914086
15530662,2022-07-22 22:33:00, 投诉/求助 ,大连华润燃气公司多种理由拒为市民挂表,辽宁省大连市委书记胡玉亭,121.614848,38.914086
15525642,2022-07-22 06:48:00, 投诉/求助 ,请求恢复燃气,辽宁省大连市委书记胡玉亭,121.614848,38.914086
15404871,2022-07-11 22:06:00, 投诉/求助 ,关于安民街燃气改造工程,辽宁省大连市委书记胡玉亭,121.614848,38.914086
15404533,2022-07-11 21:47:00, 投诉/求助 ,关于燃气,辽宁省大连市中山区委书记,121.644926,38.918574
15404221,2022-07-11 21:29:00, 投诉/求助 ,没有燃气,辽宁省大连市市长陈绍旺,121.614848,38.914086
15370422,2022-07-08 05:22:00, 投诉/求助 ,华润私自停气，强迫外立管,辽宁省大连市委书记胡玉亭,121.614848,38.914086
15369844,2022-07-08 04:32:00, 投诉/求助 ,华润燃气野蛮施工并且停气20天,辽宁省大连市委书记胡玉亭,121.614848,38.914086
15327909,2022-07-05 00:32:00, 投诉/求助 ,辽宁省普兰店市天然气停供,辽宁省委书记郝鹏,123.431382,41.836175
15315725,2022-07-04 02:17:00, 投诉/求助 ,于洪区赤山路元江街违停占道严重,辽宁省沈阳市于洪区委书记,123.308119,41.793721
15262672,2022-06-29 04:21:00, 投诉/求助 ,天然气迟迟不通气,辽宁省大连市委书记胡玉亭,121.614848,38.914086
15158427,2022-06-20 10:46:00, 投诉/求助 ,东都二期物业不作为，社区街道不管,辽宁省委书记郝鹏,120.453744,41.565627
15152440,2022-06-20 01:56:00, 投诉/求助 ,燃气停气改造8个月，施工进展缓慢，通气遥遥无,辽宁省大连市市长陈绍旺,121.614848,38.914086
15121565,2022-06-17 00:31:00, 投诉/求助 ,华润天然气施工一拖再拖,辽宁省大连市委书记胡玉亭,121.614848,38.914086
15064637,2022-06-12 11:00:00, 投诉/求助 ,停气改造8个月，工期进展缓慢，千户居民生活受,辽宁省大连市市长陈绍旺,121.614848,38.914086
14938712,2022-06-01 06:55:00, 投诉/求助 ,天然气表在水槽旁,辽宁省大连市市长陈绍旺,121.614848,38.914086
14932126,2022-05-31 22:18:00, 投诉/求助 ,华润燃气改造对居民生活的造出极为不便的影响,辽宁省大连市市长陈绍旺,121.614848,38.914086
14931574,2022-05-31 21:43:00, 投诉/求助 ,没有及时上门维修,辽宁省大连市市长陈绍旺,121.614848,38.914086
14895082,2022-05-28 23:26:00, 投诉/求助 ,大连华润燃气公司的“气霸”作风,辽宁省大连市市长陈绍旺,121.614848,38.914086
14847128,2022-05-25 02:29:00, 投诉/求助 ,群众投诉无门,辽宁省大连市市长陈绍旺,121.614848,38.914086
14831753,2022-05-24 00:01:00, 投诉/求助 ,燃气报警器按装,辽宁省沈阳市铁西区委书记,123.333968,41.820807
14797788,2022-05-21 02:23:00, 投诉/求助 ,亿达地产利用疫情规避责任,辽宁省大连市委书记胡玉亭,121.614848,38.914086
14788024,2022-05-20 04:01:00, 投诉/求助 ,华润天然气停气一周无人处理,辽宁省大连市委书记胡玉亭,121.614848,38.914086
14775251,2022-05-19 03:39:00, 投诉/求助 ,华润燃气停气3个月，官方渠道寻找无门,辽宁省大连市市长陈绍旺,121.614848,38.914086
14768497,2022-05-18 18:40:00, 投诉/求助 ,天然气公司,辽宁省大连市市长陈绍旺,121.614848,38.914086
14385308,2022-04-27 10:18:00, 投诉/求助 ,72户居民停气两个月的工程,辽宁省省长李乐成,121.614848,38.914086
14331814,2022-04-25 10:33:00, 投诉/求助 ,天然气停气的第40天,辽宁省大连市市长陈绍旺,121.614848,38.914086
14330665,2022-04-25 09:17:00, 投诉/求助 ,沙河口区新建东街41号楼求通气,辽宁省大连市市长陈绍旺,121.614848,38.914086
14316935,2022-04-24 21:04:00, 投诉/求助 ,景山小区燃气何时复供,辽宁省大连市中山区委书记,121.644926,38.918574
14260540,2022-04-21 01:07:00, 投诉/求助 ,帮忙解决天然气问题,辽宁省大连市市长陈绍旺,121.614848,38.914086
14178120,2022-04-16 08:33:00, 投诉/求助 ,中山区桃源街道高家沟112号楼不给通气,辽宁省大连市委书记胡玉亭,121.614848,38.914086
14145894,2022-04-14 22:42:00, 投诉/求助 ,华润燃气不作为,辽宁省大连市委书记胡玉亭,121.614848,38.914086
14130939,2022-04-14 03:56:00, 投诉/求助 ,投诉甘井子住建局,辽宁省大连市市长陈绍旺,121.614848,38.914086
14083137,2022-04-10 04:20:00, 投诉/求助 ,大连华润燃气拖延恢复供气,辽宁省大连市市长陈绍旺,121.614848,38.914086
13971957,2022-03-30 21:34:00, 投诉/求助 ,什么时候能用上天然气,辽宁省大连市市长陈绍旺,121.614848,38.914086
13970650,2022-03-30 19:06:00, 咨询 ,21年8月至今停气无人解决,辽宁省大连市委书记胡玉亭,121.614848,38.914086
13970188,2022-03-30 15:46:00, 投诉/求助 ,丹东香海花园一月内主管道漏水4次，求助无果,辽宁省委书记郝鹏,124.35445,40.000787
13948204,2022-03-28 22:28:00, 投诉/求助 ,张庄供暖投诉,辽宁省铁岭市调兵山市委书记,123.567117,42.467521
13914071,2022-03-25 10:35:00, 投诉/求助 ,辽阳市白塔区巴塞罗那小区，中燃供暖，三月就提,辽宁省辽阳市委书记霍步刚,123.236974,41.267794
13912927,2022-03-25 08:48:00, 咨询 ,中燃收费不给供暖,辽宁省辽阳市文圣区委书记,123.231408,41.283754
13899917,2022-03-24 07:21:00, 投诉/求助 ,停煤气快一个月没人管，老人为此重病。,辽宁省大连市市长陈绍旺,121.614848,38.914086
13881294,2022-03-22 22:15:00, 投诉/求助 ,西市区大中自然元小区提前停气,辽宁省营口市西市区委书记,122.206419,40.666213
13867336,2022-03-21 20:37:00, 投诉/求助 ,华润燃气挂表整改拖延 严重影响正常生活,辽宁省大连市委书记胡玉亭,121.614848,38.914086
13841252,2022-03-19 06:43:00, 投诉/求助 ,投诉,辽宁省大连市委书记胡玉亭,121.614848,38.914086
13823627,2022-03-17 20:12:00, 投诉/求助 ,解决供暖和最大烂尾楼马德里,辽宁省阜新市委书记胡涛,121.670273,42.021602
13810374,2022-03-16 18:44:00, 投诉/求助 ,铁东湖南供暖提前停气,辽宁省鞍山市委书记余功斌,122.994329,41.108647
13789372,2022-03-15 00:43:00, 投诉/求助 ,华润燃气停气儿一个多月不维修,辽宁省委书记郝鹏,121.644926,38.918574
13778258,2022-03-14 02:25:00, 投诉/求助 ,华润燃气不作为,辽宁省大连市委书记胡玉亭,121.614848,38.914086
13777786,2022-03-14 01:38:00, 投诉/求助 ,沈阳市铁西区惠天热电目前已停气,辽宁省沈阳市委书记王新伟,123.465035,41.677284
13718260,2022-03-09 03:15:00, 投诉/求助 ,晓南镇连续三天白天停气,辽宁省铁岭市调兵山市委书记,123.567117,42.467521
13693097,2022-03-07 20:27:00, 投诉/求助 ,煤气公司效率低,辽宁省委书记郝鹏,123.029091,41.150401
13582890,2022-03-01 19:47:00, 投诉/求助 ,凯达热力,辽宁省鞍山市海城市委书记,122.685217,40.882377
13564152,2022-02-28 16:39:00, 投诉/求助 ,有关燃气报警器,辽宁省辽阳市委书记霍步刚,123.236974,41.267794
13513781,2022-02-26 03:55:00, 投诉/求助 ,文婷雅苑小区停暖了冠达不烧锅炉,辽宁省锦州市义县县委书记,121.23908,41.533086
13470031,2022-02-24 09:00:00, 投诉/求助 ,沈阳燃气公司打着政府旗号霸道条款欺压商户,辽宁省沈阳市委书记王新伟,123.465035,41.677284
13088000,2022-02-18 20:48:00, 投诉/求助 ,大连华润燃气停供煤气4天没有复供，打了2天电,辽宁省大连市委书记胡玉亭,121.614848,38.914086
12884928,2022-02-11 20:54:00, 投诉/求助 ,沈海热点供暖不到半个月停气两次,辽宁省沈阳市市长吕志成,123.465035,41.677284
12814589,2022-02-03 17:03:00, 投诉/求助 ,供暖效果不好,辽宁省辽阳市市长白英,123.236974,41.267794
12802552,2022-01-31 09:16:00, 投诉/求助 ,常年冬天15度，大过年的还停气,辽宁省抚顺市委书记来鹤,123.957208,41.880872
12799929,2022-01-30 21:27:00, 投诉/求助 ,华润燃气停气，电话打不通,辽宁省大连市委书记胡玉亭,121.614848,38.914086
12797573,2022-01-30 08:49:00, 投诉/求助 ,怀王小区供暖管道严重腐蚀，经常漏水停暖。,辽宁省辽阳市委书记霍步刚,123.236974,41.267794
12793098,2022-01-29 21:13:00, 投诉/求助 ,煤气停供一个多月，天然气不上，没法过年,辽宁省大连市委书记胡玉亭,121.614848,38.914086
12772463,2022-01-27 07:12:00, 投诉/求助 ,促进小区供暖,辽宁省大连市委书记胡玉亭,121.614848,38.914086
12766663,2022-01-26 21:33:00, 投诉/求助 ,华润燃气不维修，请尽快解决 ,辽宁省大连市市长陈绍旺,121.614848,38.914086
12757473,2022-01-25 23:06:00, 投诉/求助 ,投诉大连华润燃气有限公司不作为，态度恶劣,辽宁省大连市市长陈绍旺,121.614848,38.914086
12753617,2022-01-25 10:02:00, 投诉/求助 ,燃气,辽宁省大连市市长陈绍旺,121.614848,38.914086
12748791,2022-01-25 01:28:00, 投诉/求助 ,华润燃气不作为，6次反馈无人响应,辽宁省大连市委书记胡玉亭,121.614848,38.914086
12741622,2022-01-24 07:04:00, 投诉/求助 ,供暖不热，每个月都要维修无数次,辽宁省大连市中山区委书记,121.644926,38.918574
12740672,2022-01-24 05:17:00, 投诉/求助 ,燃气停气不供气,辽宁省大连市市长陈绍旺,121.614848,38.914086
12738903,2022-01-24 02:35:00, 投诉/求助 ,春节断燃气,辽宁省大连市市长陈绍旺,121.614848,38.914086
12737977,2022-01-24 01:22:00, 投诉/求助 ,大连华润燃气工作敷衍，家里停气已经一个月,辽宁省大连市委书记胡玉亭,121.614848,38.914086
12736769,2022-01-23 23:22:00, 投诉/求助 ,家里从10号到现在，没有燃气，,辽宁省委书记郝鹏,121.612324,38.914687
12725494,2022-01-22 20:07:00, 投诉/求助 ,已经停气十天，华润燃气不作为,辽宁省大连市委书记胡玉亭,121.614848,38.914086
12696776,2022-01-20 00:28:00, 投诉/求助 ,华润 天气燃  不及时进行试气调气  ,辽宁省大连市西岗区委书记,121.612324,38.914687
12685814,2022-01-19 01:12:00, 投诉/求助 ,煤气停了半年多，燃气表不给挂,辽宁省大连市市长陈绍旺,121.614848,38.914086
12684223,2022-01-18 22:38:00, 投诉/求助 ,半岛故乡小区华润燃气不作为,辽宁省大连市西岗区委书记,121.612324,38.914687
12671362,2022-01-17 20:49:00, 投诉/求助 ,大连华润天然气一直不给挂表通气,辽宁省省长李乐成,123.431382,41.836175
12662743,2022-01-17 00:21:00, 投诉/求助 ,华润燃气客服打不通,辽宁省大连市市长陈绍旺,121.614848,38.914086
12658815,2022-01-16 17:46:00, 投诉/求助 ,化润然气,辽宁省大连市委书记胡玉亭,121.614848,38.914086
12638976,2022-01-14 10:03:00, 投诉/求助 ,汇安燃气不退费，小区天然气通气难,辽宁省大连市市长陈绍旺,121.614848,38.914086
12604247,2022-01-11 10:28:00, 投诉/求助 ,华润燃气安全检测标准和改正时限,辽宁省大连市市长陈绍旺,121.614848,38.914086
12594845,2022-01-10 21:12:00, 投诉/求助 ,天然气至今不给通气,辽宁省大连市委书记胡玉亭,121.614848,38.914086
12593880,2022-01-10 19:59:00, 投诉/求助 ,大连华润燃气公司 ,辽宁省大连市市长陈绍旺,121.614848,38.914086
12574853,2022-01-09 01:14:00, 投诉/求助 ,政府统一更换天然气结果成了扰民工程,辽宁省大连市委书记胡玉亭,121.614848,38.914086
12573626,2022-01-08 22:43:00, 投诉/求助 ,什么时候华润才能给我们通气,辽宁省大连市委书记胡玉亭,121.614848,38.914086
12572974,2022-01-08 21:35:00, 咨询 ,天然气置换，从停气已经20多天还未上气,辽宁省大连市沙河口区委书记,121.594297,38.904788
12564770,2022-01-08 00:33:00, 投诉/求助 ,老百姓解决困难，是真难，没人管。,辽宁省大连市市长陈绍旺,121.614848,38.914086
12535554,2022-01-06 01:16:00, 投诉/求助 ,整栋楼燃气停气两个多月,辽宁省大连市委书记胡玉亭,121.614848,38.914086
12512600,2022-01-05 06:29:00, 咨询 ,嘉富小区经常停气,辽宁省沈阳市铁西区委书记,123.333968,41.820807
12494526,2022-01-05 01:37:00, 投诉/求助 ,燃气公司一直不开阀，家里无法做饭,辽宁省大连市甘井子区委书记,121.525466,38.953343
12488531,2022-01-04 15:57:00, 投诉/求助 ,领导您好，我家燃气31号至今未通气,辽宁省大连市市长陈绍旺,121.614848,38.914086
12482067,2022-01-04 01:08:00, 投诉/求助 ,投诉96177华润燃气,辽宁省大连市委书记胡玉亭,121.614848,38.914086
12481836,2022-01-04 00:45:00, 投诉/求助 ,小区物业服务问题反映,辽宁省营口市鲅鱼圈区委书记,122.121521,40.226661
12479510,2022-01-03 21:15:00, 投诉/求助 ,大连华润燃气业务开展混乱,辽宁省委书记郝鹏,121.525466,38.953343
12465245,2022-01-02 02:26:00, 投诉/求助 ,燃气已停四个月,辽宁省大连市市长陈绍旺,121.614848,38.914086
12463743,2022-01-01 22:48:00, 投诉/求助 ,家中燃气半个月未开,辽宁省大连市委书记胡玉亭,121.614848,38.914086
12458240,2022-01-01 04:32:00, 投诉/求助 ,天然气停气多日 ,辽宁省大连市委书记胡玉亭,121.614848,38.914086
17102521,2023-01-07 03:04:00, 投诉/求助 ,热力一公司供热不热我们新华一区总是给热不足,吉林省吉林市委书记贺志亮,126.549572,43.837883
17070353,2023-01-02 19:08:00, 投诉/求助 ,暖气停气,吉林省吉林市委书记贺志亮,126.549572,43.837883
16935015,2022-12-16 20:37:00, 投诉/求助 ,正阳小区供暖,吉林省省长韩俊,125.256135,43.880975
16913915,2022-12-13 19:55:00, 投诉/求助 ,小区供暖多年不达标，投诉多年无果,吉林省委书记景俊海,125.32568,43.897016
16792890,2022-11-30 06:44:00, 投诉/求助 ,供热期停气，明年并入春城热力集中供热,吉林省长春市委书记张志军,125.323513,43.817251
16740055,2022-11-25 22:03:00, 投诉/求助 ,公主岭市鑫鹰热力供热不达标,吉林省长春市委书记张志军,125.323513,43.817251
16724871,2022-11-24 07:36:00, 投诉/求助 ,供热不热,吉林省长春市市长王子联,125.323513,43.817251
16638325,2022-11-16 22:21:00, 投诉/求助 ,供暖不达标,吉林省长春市绿园区委书记,125.256135,43.880975
16557836,2022-11-10 08:30:00, 建言 ,天价取暖农安县靠山镇居民住宅取暖每平米35元,吉林省委书记景俊海,125.184887,44.432763
16168905,2022-09-30 03:18:00, 投诉/求助 ,龙山小区燃气改造,吉林省通化市市长高山,125.939697,41.728401
16092455,2022-09-22 07:45:00, 投诉/求助 ,二道江龙山小区燃气管道改造,吉林省通化市委书记孙简,125.939697,41.728401
16038930,2022-09-17 00:37:00, 投诉/求助 ,不通知，直接停水，居民生活谁来管,吉林省通化市二道江区委书记,126.042678,41.774044
16033416,2022-09-16 07:35:00, 投诉/求助 ,新天地万福小区供暖不热,吉林省松原市委书记李晓杰,124.825042,45.141548
15654082,2022-08-06 05:19:00, 建言 ,希望共享电单车恢复正常使用,吉林省吉林市市长王吉,126.549572,43.837883
14865670,2022-05-26 08:45:00, 咨询 ,关于拍摄延吉公交的相关事宜,吉林省延边朝鲜族自治州延吉市委书记,129.508804,42.89125
13959437,2022-03-29 20:54:00, 投诉/求助 ,疫情期间燃气网点被封 无法燃气缴费,吉林省长春市二道区委书记,125.374327,43.865577
13850690,2022-03-20 06:54:00, 投诉/求助 ,小区停气太冷了,吉林省委书记景俊海,124.822929,43.504676
13836344,2022-03-18 21:51:00, 投诉/求助 ,投诉夹皮沟镇 吉林惠福热力有限公司,吉林省吉林市桦甸市委书记,126.746309,42.972096
13791064,2022-03-15 03:10:00, 投诉/求助 ,蛟河供热 ,吉林省委书记景俊海,127.344229,43.724007
13786172,2022-03-14 20:51:00, 投诉/求助 ,冷,吉林省通化市辉南县委书记,126.046783,42.684921
13780403,2022-03-14 05:28:00, 投诉/求助 ,3月中旬就停气，谁的问题,吉林省通化市二道江区委书记,126.042678,41.774044
13583761,2022-03-01 20:42:00, 投诉/求助 ,取暖费,吉林省通化市辉南县委书记,126.046783,42.684921
13460626,2022-02-24 05:16:00, 投诉/求助 ,物业与燃气公司扯皮,吉林省长春市南关区委书记,125.350173,43.863989
13421530,2022-02-23 19:17:00, 投诉/求助 ,关于德惠市永青供热站提前停气原因一事,吉林省长春市德惠市委书记,125.728755,44.522056
12909427,2022-02-14 23:07:00, 投诉/求助 ,保利罗兰香谷停气不供暖,吉林省长春市朝阳区委书记,125.288254,43.833762
12835807,2022-02-07 19:41:00, 投诉/求助 ,白城市钻石热力间歇性停气,吉林省省长韩俊,122.838714,45.619884
12828447,2022-02-06 19:56:00, 投诉/求助 ,停气，停水,吉林省吉林市市长王吉,126.549572,43.837883
12587587,2022-01-10 03:50:00, 投诉/求助 ,供暖周期、供暖无法保障，这次停气两天，真气人,吉林省长春市委书记张志军,125.323513,43.817251
17139775,2023-01-12 01:24:00, 投诉/求助 ,天价取暖费,黑龙江省省长梁惠玲,124.88287,48.466592
17110603,2023-01-08 16:02:00, 建言 ,关于供暖民生问题,黑龙江省省长梁惠玲,126.958098,45.548669
17073796,2023-01-03 02:57:00, 投诉/求助 ,宝泉岭诚铭供暖停气,黑龙江省鹤岗市市长王兴柱,130.297943,47.350189
17071259,2023-01-02 21:29:00, 投诉/求助 ,鹤岗市宝泉岭农场供热公司,黑龙江省省长梁惠玲,126.661665,45.742366
17035717,2022-12-27 23:39:00, 投诉/求助 ,投诉华电哈尔滨热力分公司供热严重不达标,黑龙江省哈尔滨市南岗区委书记,126.668784,45.760174
17009809,2022-12-24 20:40:00, 投诉/求助 ,取暖费减免问题,黑龙江省绥化市肇东市委书记,125.961814,46.051126
17002227,2022-12-23 21:24:00, 投诉/求助 ,燃气交费问题,黑龙江省哈尔滨市委书记张安顺,126.534967,45.803775
16964619,2022-12-21 08:18:00, 投诉/求助 ,供暖居民楼每平45元,黑龙江省省长梁惠玲,124.88287,48.466592
16834616,2022-12-04 15:16:00, 投诉/求助 ,恳请我们的好省长为老百姓做主,黑龙江省省长梁惠玲,126.661665,45.742366
16827908,2022-12-03 21:44:00, 投诉/求助 ,海富名都城供热不达标,黑龙江省哈尔滨市委书记张安顺,126.534967,45.803775
16826468,2022-12-03 18:36:00, 投诉/求助 ,牡丹江市佳日供热公司年年不热,黑龙江省省长梁惠玲,126.661665,45.742366
16814728,2022-12-02 06:47:00, 投诉/求助 ,从供暖到现在屋里一直都在15.5到17.5,黑龙江省哈尔滨市道里区委书记,126.616973,45.75577
16767408,2022-11-28 04:25:00, 投诉/求助 ,先锋路469号供暖私自停气室温不达标,黑龙江省委书记许勤,126.64939,45.792057
16664650,2022-11-19 01:48:00, 投诉/求助 ,城镇道路气喇叭使用不规范,黑龙江省双鸭山市友谊县委书记,131.808063,46.767299
16649330,2022-11-17 19:34:00, 投诉/求助 ,嫩江供暖问题,黑龙江省黑河市委书记李锡文,127.528293,50.245129
16505095,2022-11-06 22:00:00, 投诉/求助 ,华风江畔小区非老旧小区确要求必须更换燃气管线,黑龙江省哈尔滨市市长张起翔,126.534967,45.803775
16469801,2022-11-04 00:25:00, 投诉/求助 ,室内停气两天，维修管道,黑龙江省省长梁惠玲,126.661665,45.742366
16420167,2022-10-30 09:06:00, 投诉/求助 ,肇东市华能供暖不达标 室内温度 地热不热,黑龙江省省长梁惠玲,125.961814,46.051126
16349815,2022-10-22 09:25:00, 投诉/求助 ,供热投诉,黑龙江省委书记许勤,126.668784,45.760174
16333853,2022-10-20 10:28:00, 投诉/求助 ,室内暖气不热，多次拨打供暖电话请求处理没人理,黑龙江省哈尔滨市道里区委书记,126.616973,45.75577
16200243,2022-10-05 01:22:00, 投诉/求助 ,投诉中庆燃气,黑龙江省省长梁惠玲,126.64939,45.792057
15570413,2022-07-27 21:54:00, 建言 ,反映黑河市爱辉区中房92号楼外墙改造问题,黑龙江省黑河市爱辉区委书记,127.50045,50.252105
15278218,2022-06-30 10:23:00, 投诉/求助 ,道里区康安小区经常性停水，且事前事后告知,黑龙江省委书记许勤,126.661665,45.742366
15229732,2022-06-26 21:44:00, 咨询 ,宝泉岭兴汇供暖长期不达标,黑龙江省鹤岗市市长王兴柱,130.297943,47.350189
14883922,2022-05-27 22:30:00, 咨询 ,燃气报警器胶管定价偏高，强制安检否则停气,黑龙江省哈尔滨市委书记张安顺,126.534967,45.803775
14424142,2022-04-29 07:41:00, 投诉/求助 ,兴山区供暖问题,黑龙江省省长梁惠玲,130.303481,47.357702
14304490,2022-04-24 00:15:00, 投诉/求助 ,东北热力三年内供热不达标要求退款,黑龙江省鹤岗市市长王兴柱,130.297943,47.350189
14203308,2022-04-17 07:43:00, 投诉/求助 ,汇龙拾光里小区入户8个多月燃气未开通,黑龙江省哈尔滨市香坊区委书记,126.662593,45.707716
14099632,2022-04-11 12:21:00, 投诉/求助 ,璞院高层，低楼层区热化不热不达标,黑龙江省佳木斯市委书记王秋实,130.318878,46.799777
14096565,2022-04-11 07:13:00, 投诉/求助 ,南岗区满洲里街62号投诉暖气停气问题,黑龙江省哈尔滨市南岗区委书记,126.668784,45.760174
14087627,2022-04-10 18:34:00, 投诉/求助 ,鹤岗市东北热力供暖相关问题,黑龙江省委书记许勤,126.661665,45.742366
14046127,2022-04-06 22:55:00, 投诉/求助 ,供暖不达标,黑龙江省绥化市青冈县委书记,126.099195,46.70391
14038980,2022-04-06 06:38:00, 投诉/求助 ,时代新城小区二期不供热问题,黑龙江省双鸭山市市长宫镇江,131.141195,46.676418
13992984,2022-04-01 10:04:00, 咨询 ,供暖停气是什么时间,黑龙江省委书记许勤,126.661665,45.742366
13981888,2022-03-31 11:00:00, 投诉/求助 ,哈尔滨市道里区建国街281号3月28日停气了,黑龙江省哈尔滨市道里区委书记,126.616973,45.75577
13958711,2022-03-29 19:21:00, 投诉/求助 ,诉求东北热力供暖期不达标提前一个多月停气,黑龙江省鹤岗市市长王兴柱,130.297943,47.350189
13952913,2022-03-29 04:21:00, 投诉/求助 ,兴山自然之家供暖问题,黑龙江省鹤岗市兴山区委书记,130.303481,47.357702
13951588,2022-03-29 02:41:00, 投诉/求助 ,冬天供暖不达标，开春没到日期就停气,黑龙江省绥化市市长孙飚,126.968887,46.653845
13934916,2022-03-27 20:34:00, 投诉/求助 ,我是兴山区祥瑞花园的居民，东北要求撤换东北热,黑龙江省鹤岗市市长王兴柱,130.297943,47.350189
13929756,2022-03-27 04:06:00, 投诉/求助 ,我们兴山祥瑞花园居民，要求撤换东北热力公司,黑龙江省鹤岗市市长王兴柱,130.297943,47.350189
13908253,2022-03-25 01:50:00, 投诉/求助 ,兴山区东风街这一片暖气不热！谁来管！,黑龙江省鹤岗市兴山区委书记,130.303481,47.357702
13840023,2022-03-19 04:18:00, 咨询 ,供暖站,黑龙江省委书记许勤,130.85155,47.576444
13834960,2022-03-18 18:17:00, 投诉/求助 ,一冬天暖气不热,黑龙江省大兴安岭地区大兴安岭地委书记徐向国,124.711526,52.335262
13799350,2022-03-15 21:31:00, 投诉/求助 ,香林名苑小区3月就开始停气,黑龙江省哈尔滨市委书记张安顺,126.534967,45.803775
13780009,2022-03-14 04:54:00, 投诉/求助 ,复兴街13号供暖,黑龙江省哈尔滨市委书记张安顺,126.534967,45.803775
13777399,2022-03-14 01:05:00, 投诉/求助 ,投诉南岗区鼎盛热力,黑龙江省哈尔滨市南岗区委书记,126.668784,45.760174
13774108,2022-03-13 20:47:00, 投诉/求助 ,暖气水温拔凉，停止供暖！,黑龙江省委书记许勤,126.668784,45.760174
13749647,2022-03-11 04:00:00, 投诉/求助 ,实名投诉威立雅供暖不热,黑龙江省哈尔滨市道里区委书记,126.616973,45.75577
13718973,2022-03-09 03:58:00, 投诉/求助 ,哈尔滨市道外区北棵小区不到时间开始停气,黑龙江省委书记许勤,126.64939,45.792057
13674896,2022-03-06 20:59:00, 投诉/求助 ,阳光热力公司供热极差,黑龙江省齐齐哈尔市龙沙区委书记,123.957531,47.317308
13197572,2022-02-19 22:34:00, 投诉/求助 ,提前停气，居民市内温度14℃,黑龙江省哈尔滨市道外区委书记,126.64939,45.792057
12914571,2022-02-15 08:58:00, 投诉/求助 ,哈投集团供热不达标，无人解决,黑龙江省省长梁惠玲,126.661665,45.742366
12908099,2022-02-14 21:00:00, 投诉/求助 ,小区温度才15°到18°严重不达标，安埠小区,黑龙江省哈尔滨市委书记张安顺,126.534967,45.803775
12907433,2022-02-14 19:54:00, 投诉/求助 ,安埠小区今冬因维修管道等原因长期擅自停气,黑龙江省委书记许勤,126.661665,45.742366
12851121,2022-02-08 08:13:00, 投诉/求助 ,北京壹号院 大年初八停电停气停水,黑龙江省齐齐哈尔市委书记王刚,123.918186,47.354348
12790921,2022-01-29 10:00:00, 投诉/求助 ,过年了，单单给运华小区停气吗,黑龙江省哈尔滨市双城区委书记,126.312624,45.383218
12789125,2022-01-29 06:25:00, 投诉/求助 ,兴汇供暖站不供暖,黑龙江省委书记许勤,130.297943,47.350189
12660172,2022-01-16 20:46:00, 投诉/求助 ,室内温度自供暖以来未超过18度,黑龙江省委书记许勤,126.661665,45.742366
12628350,2022-01-13 13:34:00, 投诉/求助 ,汤原县世纪家园供热问题,黑龙江省佳木斯市汤原县委书记,129.905072,46.730706
12470392,2022-01-02 20:34:00, 投诉/求助 ,香坊区鑫玛热力供暖问题,黑龙江省委书记许勤,126.661665,45.742366
12462175,2022-01-01 19:25:00, 咨询 ,投诉香坊区供水公司元旦1月1日停水,黑龙江省哈尔滨市香坊区委书记,126.662593,45.707716
12993477,2022-02-17 17:37:00, 建言 ,超大城市老旧小区的便民治理和升级改造,上海市委书记陈吉宁,121.473662,31.230372
16748015,2022-11-26 09:13:00, 投诉/求助 ,鼓楼区和园爱家供暖,江苏省徐州市市长王剑锋,117.284124,34.205768
16086792,2022-09-21 22:14:00, 投诉/求助 ,开发商物业串通一气不让业主回家,江苏省委书记信长星,118.628003,32.058903
15669802,2022-08-08 07:34:00, 投诉/求助 ,地铁北延线和燕路快速化改造对居民生命财产安全,江苏省省长许昆林,118.909153,32.096388
15669173,2022-08-08 06:01:00, 建言 ,快速化道路建设与地铁施工导致房屋开裂,江苏省省长许昆林,118.909153,32.096388
15668340,2022-08-08 04:38:00, 建言 ,地铁和快速路建设导致房屋开裂，无人解决,江苏省省长许昆林,118.909153,32.096388
15668091,2022-08-08 04:12:00, 建言 ,由于地铁施工房屋出现裂缝，投诉无门,江苏省省长许昆林,118.909153,32.096388
15667901,2022-08-08 03:52:00, 建言 ,因地铁施工房屋开裂，投诉无门,江苏省省长许昆林,118.909153,32.096388
13409763,2022-02-23 09:01:00, 投诉/求助 ,南山庭院、风华南苑等小区供暖中断,江苏省徐州市泉山区委书记,117.194469,34.225522
17132327,2023-01-11 01:14:00, 投诉/求助 ,要求华润燃气解释为何多次擅自停气，并赔偿损失,浙江省温州市委书记刘小涛,120.699361,27.993828
14795333,2022-05-20 22:16:00, 投诉/求助 ,安装天然气报警器价格太贵,浙江省杭州市富阳区委书记,119.960076,30.048692
17127627,2023-01-10 08:36:00, 投诉/求助 ,淮南中燃，多次停气，希望政府出面处理！,安徽省淮南市委书记任泽锋,117.018399,32.587117
16903469,2022-12-12 06:51:00, 投诉/求助 ,投诉涡阳海特燃气公司,安徽省亳州市委书记杜延安,115.77867,33.844592
16893787,2022-12-11 02:32:00, 投诉/求助 ,中燃不按合同履行程序，业主正常供暖得不到保证,安徽省淮南市市长张志强,117.018399,32.587117
16893502,2022-12-11 01:42:00, 投诉/求助 ,三年暖气温度不达标，且年年出现供暖故障,安徽省委书记郑栅洁,117.018399,32.587117
16891798,2022-12-10 21:15:00, 投诉/求助 ,芜湖市老旧小区燃气管网改造管道的入户钻孔问题,安徽省芜湖市委书记单向前,118.432941,31.352859
16644132,2022-11-17 05:21:00, 投诉/求助 ,海特燃气侵犯群众利益,安徽省委书记郑栅洁,116.564247,33.26583
16538869,2022-11-09 02:53:00, 投诉/求助 ,违章停车,安徽省合肥市委书记虞爱华,117.227219,31.820591
16359951,2022-10-23 22:56:00, 建言 ,燎原加气站什么时候可以加气,安徽省安庆市太湖县委书记,116.308795,30.45422
16331659,2022-10-20 05:35:00, 投诉/求助 ,佐坝乡七美无证园问题,安徽省安庆市宿松县委书记,116.129105,30.153746
16150220,2022-09-28 04:46:00, 建言 ,中央公馆小区物业乱收费开发商强租车位20年,安徽省亳州市涡阳县委书记,116.215665,33.492921
15867728,2022-08-30 06:39:00, 投诉/求助 ,情况反映,安徽省省长王清宪,117.227219,31.820591
15628105,2022-08-03 04:15:00, 投诉/求助 ,界首市海特燃气垄断行为,安徽省阜阳市界首市委书记,115.374821,33.258244
15545735,2022-07-25 06:39:00, 投诉/求助 ,淮河路停车场工作人员态度恶劣，停车场每天吵架,安徽省合肥市庐阳区委书记,117.264786,31.878589
14961676,2022-06-03 08:23:00, 咨询 ,六安市裕安区独山镇燃气问题,安徽省六安市裕安区委书记,116.479829,31.738183
14925643,2022-05-31 06:52:00, 投诉/求助 ,蜀山区国购苑小区物业违法经营,安徽省合肥市市长罗云峰,117.227219,31.820591
14791467,2022-05-20 09:51:00, 投诉/求助 ,砀山华润燃气强制安装燃气报警器欺行霸市,安徽省宿州市砀山县委书记,116.367095,34.442561
14160013,2022-04-15 11:18:00, 投诉/求助 ,淮北华润燃气公司捆绑消费,安徽省委书记郑栅洁,116.828133,33.991451
14157872,2022-04-15 09:18:00, 投诉/求助 ,小区什么时候能安装然气,安徽省合肥市委书记虞爱华,117.227219,31.820591
13818136,2022-03-17 05:26:00, 投诉/求助 ,关于紫金山庄小区内部车位被霸占问题,安徽省省长王清宪,117.329949,31.733806
15527065,2022-07-22 09:31:00, 投诉/求助 ,建设路冠超市门前地摊人员占道经营（危险品）,福建省龙岩市上杭县委书记,116.420098,25.049518
17172221,2023-01-17 10:18:00, 投诉/求助 ,临清市魏湾镇辛道庄村没有天然气，,山东省委书记林武,117.019915,36.671156
17168005,2023-01-16 21:22:00, 投诉/求助 ,天然气问题,山东省委书记林武,115.704881,36.838277
17161277,2023-01-15 19:28:00, 投诉/求助 ,君悦府暖气不热，多次反映当地政府不作为,山东省省长周乃翔,117.323725,34.810488
17156145,2023-01-14 18:48:00, 投诉/求助 ,关于黄务金苹果燃气疑问,山东省委书记林武,117.019915,36.671156
17122578,2023-01-09 22:06:00, 投诉/求助 ,天然气,山东省济南市济阳区委书记,117.120098,36.6512
17112868,2023-01-08 23:15:00, 投诉/求助 ,解决小区目前最基本生活设施,山东省委书记林武,117.019915,36.671156
17101435,2023-01-06 23:12:00, 建言 ,天然气管道建议整改埋地下,山东省聊城市委书记李长萍,115.985389,36.456684
17100162,2023-01-06 19:27:00, 投诉/求助 ,燃气限购停气,山东省委书记林武,115.671191,36.233598
17098474,2023-01-06 08:14:00, 投诉/求助 ,暖气太冷,山东省聊城市委书记李长萍,115.985389,36.456684
17097791,2023-01-06 06:37:00, 投诉/求助 ,山东聊城莘县天然气停气一个多月无人管,山东省委书记林武,117.019915,36.671156
17097736,2023-01-06 06:32:00, 投诉/求助 ,莘县中燃燃气停气一个多月了,山东省聊城市委书记李长萍,115.985389,36.456684
17090102,2023-01-05 06:12:00, 投诉/求助 ,中燃公司燃气不足造成取暖困难,山东省聊城市冠县县委书记,115.442739,36.484009
17057269,2022-12-30 23:19:00, 投诉/求助 ,天然气公司随意停止天然气供应,山东省德州市委书记田卫东,116.359381,37.436657
17056205,2022-12-30 19:57:00, 建言 ,冠县万善乡前万善村停水，停天然气,山东省聊城市冠县县委书记,115.442739,36.484009
17013131,2022-12-25 04:56:00, 投诉/求助 ,天然气问题,山东省聊城市莘县县委书记,115.671191,36.233598
16988284,2022-12-22 20:56:00, 投诉/求助 ,天然气供给不正常（刘垓子镇左桥村）,山东省聊城市临清市委书记,115.704881,36.838277
16981876,2022-12-22 08:20:00, 投诉/求助 ,天然气停气问题,山东省聊城市市长张百顺,115.985389,36.456684
16943307,2022-12-18 04:18:00, 投诉/求助 ,济南奥德燃气随意停气区别对待,山东省济南市济阳区委书记,117.120098,36.6512
16940180,2022-12-17 18:16:00, 建言 ,聊城市中燃天然气停气，导致基本民生保障不了,山东省省长周乃翔,115.671191,36.233598
16876121,2022-12-08 20:08:00, 投诉/求助 ,天然气,山东省济南市济阳区委书记,117.120098,36.6512
16803175,2022-12-01 05:27:00, 投诉/求助 ,聊城市莘县中燃无故停气,山东省委书记林武,117.019915,36.671156
16712566,2022-11-23 05:21:00, 投诉/求助 ,港华燃气收费违规,山东省济南市平阴县委书记,116.456006,36.289251
16687577,2022-11-21 03:46:00, 投诉/求助 ,关于龙桑寺镇天然气自七月份停气至今的求助,山东省济南市商河县委书记,117.157232,37.309041
16512913,2022-11-07 06:11:00, 投诉/求助 ,农村天然气,山东省济南市商河县委书记,117.157232,37.309041
16496784,2022-11-06 05:08:00, 投诉/求助 ,赵官锦川社区天然气停供，村民无法正常供暖生活,山东省德州市齐河县委书记,116.762893,36.784158
16447967,2022-11-02 01:57:00, 投诉/求助 ,郝王庄镇格林春天小区停天然气,山东省德州市武城县委书记,116.069302,37.213311
16309481,2022-10-17 23:41:00, 投诉/求助 ,章丘中燃公司强制用户更换燃气灶,山东省济南市委书记刘强,117.120098,36.6512
16204027,2022-10-05 20:14:00, 咨询 ,西元庄社区今早上突然停电原因,山东省青岛市即墨区委书记,120.447158,36.389408
15522204,2022-07-22 01:34:00, 投诉/求助 ,220国道维修连续挖断燃气管道吃饭成了问,山东省委书记林武,117.019915,36.671156
15471730,2022-07-17 23:32:00, 咨询 ,十八里铺镇农村停供天然气50天咨询,山东省聊城市莘县县委书记,115.671191,36.233598
15454189,2022-07-16 01:00:00, 投诉/求助 ,领奖帅府,山东省菏泽市市长张伦,115.480656,35.23375
15342371,2022-07-06 01:29:00, 投诉/求助 ,天然气断气一个月！求解决！聊城市莘县董杜庄镇,山东省委书记林武,115.671191,36.233598
15249150,2022-06-28 04:44:00, 投诉/求助 ,坊子区华润燃气乱收费，私自扣除燃气表余额,山东省潍坊市坊子区委书记,119.166485,36.654448
15206575,2022-06-24 07:17:00, 投诉/求助 ,朝城镇无故燃气停了近一个月,山东省聊城市委书记李长萍,115.985389,36.456684
15186767,2022-06-22 21:04:00, 投诉/求助 ,莘县十八里铺杨河口村无故停气三周严重影响民生,山东省省长周乃翔,115.671191,36.233598
15176983,2022-06-22 00:35:00, 投诉/求助 ,关于朝城镇10几天停天然气事宜,山东省聊城市莘县县委书记,115.671191,36.233598
15175729,2022-06-21 23:13:00, 投诉/求助 ,山东莘县无故停气三周严重影响民生 ,山东省委书记林武,115.671191,36.233598
15162704,2022-06-20 22:57:00, 投诉/求助 ,投诉烟台新奥燃气不为用考虑,山东省烟台市委书记江成,121.447852,37.464539
15161962,2022-06-20 22:14:00, 投诉/求助 ,莘县十八里铺杨河口村无故停气三周严重影响民生,山东省聊城市委书记李长萍,115.985389,36.456684
15058159,2022-06-11 22:25:00, 投诉/求助 ,莘县中燃无故停气十多天,山东省聊城市莘县县委书记,115.671191,36.233598
14938276,2022-06-01 06:09:00, 投诉/求助 ,高唐县清平镇25个村庄停气20天无人管,山东省聊城市委书记李长萍,115.985389,36.456684
14912467,2022-05-30 08:14:00, 投诉/求助 ,投诉关于雅淡里村10几天停天然气事宜。,山东省聊城市莘县县委书记,115.671191,36.233598
14860268,2022-05-26 01:40:00, 投诉/求助 ,王风楼镇东方家园小区无故停气三年多,山东省德州市平原县委书记,116.434032,37.165323
14547296,2022-05-07 12:17:00, 投诉/求助 ,因为补偿不合理没同意签协议，要停气和福利,山东省青岛市市长赵豪志,120.382621,36.067131
14048412,2022-04-07 01:50:00, 投诉/求助 ,请领导给我们一片良好的生存环境,山东省青岛市黄岛区委书记,120.198055,35.960933
13393841,2022-02-23 03:33:00, 咨询 ,山东菏泽曹县普连集镇我平楼新村，,山东省委书记林武,115.542328,34.825508
12890350,2022-02-12 09:44:00, 投诉/求助 ,找领导投诉淄博开创热力有限公司淄川分公司,山东省委书记林武,117.966723,36.643452
12758413,2022-01-26 00:38:00, 咨询 ,城建规划,山东省潍坊市委书记江敦涛,119.161748,36.706962
12686353,2022-01-19 02:00:00, 投诉/求助 ,雪野湖没有拆迁的别墅停水停电停气,山东省委书记林武,117.019915,36.671156
17198025,2023-01-25 07:52:00, 投诉/求助 ,诚朴路北段乱停车现象严重,河南省平顶山市代理市长李明俊,113.192661,33.766169
17191146,2023-01-22 08:15:00, 投诉/求助 ,供暖问题,河南省焦作市山阳区委书记,113.254881,35.214507
17164660,2023-01-16 04:59:00, 投诉/求助 ,天然气,河南省长垣市委书记范文卿,113.753394,34.765869
17154297,2023-01-14 06:10:00, 投诉/求助 ,名亨城市花园暖气不热,河南省许昌市禹州市委书记,113.488478,34.140701
17151908,2023-01-13 22:00:00, 建言 ,睢县西苑社区物业私自涨物业费,河南省商丘市委书记李国胜,115.656339,34.414961
17095174,2023-01-06 00:46:00, 投诉/求助 ,郑州冬暖热力故意停暖,河南省委书记楼阳生,113.976253,34.718936
16942094,2022-12-18 00:30:00, 投诉/求助 ,濮阳通用绿能燃气公司，越秀樟园物业不作为,河南省濮阳市濮阳县委书记,115.029078,35.712193
16936791,2022-12-17 01:07:00, 投诉/求助 ,老焦大家属院暖气经常性突然停气,河南省焦作市山阳区委书记,113.254881,35.214507
16901389,2022-12-12 02:34:00, 投诉/求助 ,漯河市临颍县燃气公司随意停气,河南省委书记楼阳生,113.931261,33.828042
16848220,2022-12-05 23:07:00, 投诉/求助 ,孟庄镇康桥林语镇经常停气！,河南省郑州市新郑市委书记,113.740662,34.395949
16814325,2022-12-02 06:02:00, 投诉/求助 ,华恩热力公司不作为 已停气1天,河南省郑州市中牟县委书记,113.976253,34.718936
16806172,2022-12-01 12:44:00, 投诉/求助 ,华恩热能供热期间屡次停供,河南省郑州市中牟县委书记,113.976253,34.718936
16628655,2022-11-16 02:49:00, 投诉/求助 ,馨怡揽月小区供暖季相关问题,河南省平顶山市委书记张雷明,113.192661,33.766169
16551898,2022-11-10 01:23:00, 投诉/求助 ,不安装燃气公司的燃气自闭阀被强制停止用气,河南省鹤壁市市长郭浩,114.297309,35.748325
16491869,2022-11-05 23:52:00, 投诉/求助 ,关系群众生活的燃气问题。,河南省安阳市市长高永,114.392392,36.097577
16421191,2022-10-30 11:50:00, 建言 ,燃气费滞纳金,河南省濮阳市委书记杨青玖,115.029216,35.761829
16323654,2022-10-19 09:10:00, 投诉/求助 ,天然气公司让安装报警器自闭阀,河南省兰考县委书记陈维忠,114.821348,34.822211
16249335,2022-10-11 07:43:00, 建言 ,鹤壁天伦燃气公司以停气威胁安装自闭阀,河南省鹤壁市市长郭浩,114.297309,35.748325
15999856,2022-09-13 07:32:00, 投诉/求助 ,擅自停气,河南省委书记楼阳生,114.901452,35.971704
15992497,2022-09-12 20:53:00, 建言 ,关于东华街堵车问题,河南省濮阳市委书记杨青玖,115.029216,35.761829
15951869,2022-09-08 01:07:00, 建言 ,请求汝州新奥燃气公司依法恢复供气,河南省汝州市委书记陈天富,112.844517,34.167029
15907927,2022-09-03 11:43:00, 投诉/求助 ,河洛华府规划,河南省洛阳市洛宁县委书记,111.653111,34.389197
15887999,2022-09-01 08:01:00, 投诉/求助 ,近100户居民面临因违法建筑原因停气无法生活,河南省委书记楼阳生,113.625328,34.746611
15834031,2022-08-26 07:05:00, 投诉/求助 ,永通路永通苑天然气停了一个月了,河南省安阳市汤阴县委书记,114.357763,35.924514
15831011,2022-08-26 01:43:00, 投诉/求助 ,永通路拆迁把天然气给停了 快一个月了还没给安,河南省安阳市汤阴县委书记,114.357763,35.924514
15826380,2022-08-25 11:49:00, 投诉/求助 ,华兰大道丰华街交叉口处的佐今明何时搬走,河南省新乡市红旗区委书记,113.875245,35.30385
15753654,2022-08-17 20:59:00, 投诉/求助 ,鹿邑县府南街北段占道停放问题,河南省鹿邑县县长郭俊涛,115.484454,33.86
15635017,2022-08-03 23:52:00, 投诉/求助 ,燃气公司停止供气导致投资100多万元饭店停业,河南省三门峡市渑池县委书记,111.761797,34.767951
15567770,2022-07-27 10:28:00, 投诉/求助 ,荥阳燃气公司业务规定不合理，企业运营举步维艰,河南省郑州市荥阳市委书记,113.38324,34.786948
15546948,2022-07-25 09:22:00, 投诉/求助 ,关于温县中裕燃气公司私自停气的投诉信,河南省焦作市温县县委书记,113.08053,34.940189
15422442,2022-07-13 04:47:00, 投诉/求助 ,关于洪山镇强制收费150元天然气自闭阀事宜,河南省周口市委书记张建慧,114.69695,33.626149
15255683,2022-06-28 20:08:00, 投诉/求助 ,居民燃气自闭阀收费标准,河南省开封市市长李湘豫,114.307677,34.797966
15166715,2022-06-21 04:19:00, 投诉/求助 ,天然气停供,河南省商丘市委书记李国胜,115.656339,34.414961
15049918,2022-06-11 00:00:00, 建言 ,维权,河南省驻马店市委书记鲍常勇,114.022247,33.012885
14985240,2022-06-05 23:04:00, 咨询 ,濮阳华润燃气强制安装燃气报警器，不安就停气,河南省濮阳市委书记杨青玖,115.029216,35.761829
14948667,2022-06-02 02:19:00, 投诉/求助 ,范县濮城镇文早村什么时候来水,河南省濮阳市范县县委书记,115.504201,35.851906
14707616,2022-05-15 05:39:00, 建言 ,丰源公寓小区旧改,河南省商丘市委书记李国胜,115.656339,34.414961
14617328,2022-05-11 01:16:00, 投诉/求助 ,丰源公寓改造项目,河南省商丘市委书记李国胜,115.656339,34.414961
14540917,2022-05-07 04:34:00, 投诉/求助 ,小区垃圾乱飞,河南省平顶山市舞钢市委书记,113.516343,33.314033
13921773,2022-03-26 07:08:00, 投诉/求助 ,钱交了，至今不通气,河南省平顶山市委书记张雷明,113.192661,33.766169
13881804,2022-03-22 22:52:00, 投诉/求助 ,燃气公司配套服务不合理,河南省委书记楼阳生,113.753394,34.765869
13841988,2022-03-19 08:05:00, 投诉/求助 ,城市漫步、天骄名门等小区暖气停气,河南省郑州市中牟县委书记,113.976253,34.718936
13831155,2022-03-18 06:32:00, 建言 ,景园小区居民用水希望有所改善,河南省新乡市卫辉市委书记,114.064907,35.398494
13758430,2022-03-12 02:22:00, 建言 ,建议,河南省省长王凯,113.625328,34.746611
13613207,2022-03-03 06:23:00, 投诉/求助 ,天价物业费、车位管理费,河南省郑州市中牟县委书记,113.976253,34.718936
12689219,2022-01-19 06:29:00, 投诉/求助 ,未告知用户就停燃气,河南省濮阳市委书记杨青玖,115.029216,35.761829
12594909,2022-01-10 21:16:00, 投诉/求助 ,平顶山饭店家属院暖气问题,河南省平顶山市新华区委书记,113.293977,33.737251
12537460,2022-01-06 02:50:00, 投诉/求助 ,室内温度12度，是供暖的达标温度吗？,河南省郑州市二七区委书记,113.640211,34.724114
16849702,2022-12-06 01:47:00, 投诉/求助 ,利川东城老是停气,湖北省恩施州利川市委书记,109.479664,30.29468
16834107,2022-12-04 10:12:00, 咨询 ,咨询利川天然气,湖北省恩施州利川市委书记,109.479664,30.29468
16834091,2022-12-04 10:10:00, 投诉/求助 ,利川天然气停气涨价,湖北省恩施州利川市委书记,109.479664,30.29468
16093098,2022-09-22 09:05:00, 建言 ,武镇生活用水,湖北省襄阳市南漳县委书记,111.838905,31.774636
15838556,2022-08-26 23:52:00, 建言 ,天然气公司停气四个月不解决,湖北省武汉市市长程用文,114.305469,30.593175
15570273,2022-07-27 21:41:00, 投诉/求助 ,2005住宅楼用了十几年的燃气，突然停气了,湖北省武汉市委书记郭元强,114.305469,30.593175
15533285,2022-07-23 03:42:00, 投诉/求助 ,东岳路兴丽风情巴黎小区没通天然气影响小区民生,湖北省十堰市代市长王永辉,110.799291,32.629462
15511867,2022-07-21 04:13:00, 投诉/求助 ,东岳路风情巴黎小区停供热水问题,湖北省十堰市代市长王永辉,110.799291,32.629462
15486040,2022-07-19 02:14:00, 投诉/求助 ,洪山区明泽丽湾A栋停天燃气,湖北省武汉市委书记郭元强,114.305469,30.593175
15485245,2022-07-19 01:03:00, 投诉/求助 ,洪山区明泽丽湾A座天然气停气事宜,湖北省武汉市委书记郭元强,114.305469,30.593175
15340982,2022-07-05 23:39:00, 投诉/求助 ,天然气公司停气,湖北省委书记王蒙徽,114.343796,30.500247
15265095,2022-06-29 08:31:00, 投诉/求助 ,中亚燃气强制换表 要求补交高额燃气费,湖北省孝感市市长胡玖明,113.957037,30.917766
15062059,2022-06-12 05:59:00, 投诉/求助 ,家中燃气无故欠费，华润公司态度强硬，投诉无门,湖北省委书记王蒙徽,114.341745,30.546557
15016866,2022-06-08 06:16:00, 投诉/求助 ,请问什么时候才能通气,湖北省委书记王蒙徽,114.343796,30.500247
14895265,2022-05-28 23:44:00, 投诉/求助 ,停气一个多月了我们该怎么办,湖北省武汉市市长程用文,114.305469,30.593175
14796310,2022-05-20 23:40:00, 投诉/求助 ,光谷大道国际企业中心旁严重占道停车问题,湖北省武汉市东湖新技术开发区党工委书记,114.305469,30.593175
14758507,2022-05-17 23:46:00, 投诉/求助 ,武汉市光谷天然气公司,湖北省武汉市市长程用文,114.305469,30.593175
14620706,2022-05-11 03:56:00, 咨询 ,请问物业公司通过更新电梯锁收取物业费是否侵权,湖北省委书记王蒙徽,114.039523,29.556688
13881573,2022-03-22 22:36:00, 投诉/求助 ,四个月来安心吃个饭，洗个热水澡都艰难。,湖北省荆州市委书记吴锦,112.239746,30.335184
12840903,2022-02-08 03:04:00, 投诉/求助 ,天然气供气不足,湖北省恩施州利川市委书记,109.479664,30.29468
12839510,2022-02-08 01:11:00, 投诉/求助 ,利川蚂蝗坝燃气供应不足直接停气！燃气公司不接,湖北省恩施州利川市委书记,109.479664,30.29468
16794676,2022-11-30 10:01:00, 投诉/求助 ,新奥燃气强制停气！不公平对待居民住户！,湖南省长沙市雨花区委书记,113.03826,28.135722
16791576,2022-11-30 04:26:00, 投诉/求助 ,新奥燃气粗爆换表停气,湖南省长沙市市长郑建新,112.938884,28.22808
12782762,2022-01-28 09:53:00, 投诉/求助 ,请燃气公司公布蓉国新赋热水器占用消防通道情况,湖南省常德市委书记曹志强,111.698784,29.031654
17156480,2023-01-14 20:26:00, 投诉/求助 ,投诉广州佳兆业城市广场停水事宜处理不当事宜,广东省委书记黄坤明,113.26641,23.132324
15816827,2022-08-24 19:18:00, 投诉/求助 ,电动车乱停乱放,广东省广州市海珠区委书记,113.317443,23.083788
15762351,2022-08-18 13:56:00, 投诉/求助 ,朱村街道办办事效率差强人意,广东省广州市增城区委书记,113.810627,23.261465
15735131,2022-08-15 23:28:00, 建言 ,佛山南海区珠水豪庭天价停车费,广东省佛山市南海区委书记,113.143441,23.028956
14460030,2022-05-02 05:47:00, 投诉/求助 ,珠光新城地面车辆管理混乱,广东省珠海市金湾区委书记,113.362656,22.147471
14333259,2022-04-25 14:32:00, 投诉/求助 ,碧桂园翡翠湾物业违规打包车位,广东省佛山市南海区委书记,113.143441,23.028956
14057484,2022-04-07 21:20:00, 投诉/求助 ,保利大国璟燃气预付费模式不便利,广东省广州市增城区委书记,113.810627,23.261465
13514362,2022-02-26 04:19:00, 投诉/求助 ,东莞常平镇丽城花园天城苑气改,广东省东莞市委书记肖亚非,113.751799,23.020673
16058227,2022-09-19 03:23:00, 投诉/求助 ,南宁市中燃城市燃气发展有限公司 ,广西壮族自治区党委书记刘宁,108.366543,22.817002
16058220,2022-09-19 03:23:00, 投诉/求助 ,请协调中然立即恢复伶俐工业园企业的天然气供应,广西壮族自治区党委书记刘宁,108.366543,22.817002
16058143,2022-09-19 03:18:00, 投诉/求助 ,请协调中燃燃气立即恢复伶俐工业园企业的天然气,广西壮族自治区党委书记刘宁,108.366543,22.817002
16058054,2022-09-19 03:11:00, 投诉/求助 ,请协调中燃立即恢复伶俐工业园企业的天然气供应,广西壮族自治区党委书记刘宁,108.366543,22.817002
16055500,2022-09-18 23:11:00, 投诉/求助 ,请协调中燃立即恢复伶俐工业园企业的天然气供应,广西壮族自治区党委书记刘宁,108.366543,22.817002
16054889,2022-09-18 22:29:00, 投诉/求助 ,请中燃公司恢复伶俐工业园天然气供应,广西壮族自治区党委书记刘宁,108.327546,22.815478
16012739,2022-09-14 09:40:00, 投诉/求助 ,新奥燃气无通知停气是施工人员蛮不讲理态度恶劣,广西壮族自治区贵港市委书记何录春,109.598926,23.11153
15905997,2022-09-03 07:03:00, 投诉/求助 ,武鸣区标营新区金都范小区民生问题求助,广西壮族自治区南宁市武鸣区委书记,108.27467,23.158595
12904866,2022-02-14 07:56:00, 投诉/求助 ,中铁龙沐湾一号供水燃气保障问题,海南省省辖县(县级市)乐东黎族自治县委书记,109.173054,18.750259
14776310,2022-05-19 04:57:00, 投诉/求助 ,投诉胜邦燃气停气后无人回访,重庆市大足区委书记陈一清,105.721733,29.707032
14281467,2022-04-22 08:36:00, 投诉/求助 ,融创溪山春晓3期未通燃气，长时间未开电梯,重庆市北碚区委书记王俊,106.395612,29.805107
12802533,2022-01-31 09:11:00, 投诉/求助 ,2022年除夕白羊镇停电停气,重庆市万州区区长聂红焰,108.408661,30.807667
17196733,2023-01-24 22:18:00, 投诉/求助 ,希望过年不停水停电停气,四川省内江市委书记邹自景,105.058432,29.580228
17196233,2023-01-24 19:41:00, 投诉/求助 ,农村生活用水用电用天然气困难,四川省委书记王晓晖,106.303042,31.271561
17189498,2023-01-21 10:13:00, 投诉/求助 ,普润镇周兴社区基建,四川省内江市隆昌县委书记,105.287612,29.339476
17188030,2023-01-20 21:05:00, 投诉/求助 ,农民吃不上年夜饭,四川省内江市隆昌县委书记,105.287612,29.339476
17183285,2023-01-19 11:15:00, 投诉/求助 ,经常停水停气,四川省泸州市泸县县委书记,105.381893,29.151534
17180099,2023-01-18 22:39:00, 投诉/求助 ,泸县潮河镇桂苑社区过年天天停水停气，无法正常,四川省泸州市泸县县委书记,105.381893,29.151534
17172143,2023-01-17 10:00:00, 投诉/求助 ,自贡市沿滩区联络镇新和村经常停气、停水,四川省自贡市委书记何礼,104.778442,29.33903
17165552,2023-01-16 07:50:00, 投诉/求助 ,天然气供需关系不平衡，严重影响群众正常生活,四川省省长黄强,104.075809,30.651239
17165158,2023-01-16 06:42:00, 投诉/求助 ,投诉：昌华燃气有限公司,四川省委书记王晓晖,105.444765,28.155801
17164948,2023-01-16 05:57:00, 咨询 ,阆中望垭镇无天然气供应,四川省委书记王晓晖,106.005046,31.558356
17151976,2023-01-13 22:13:00, 投诉/求助 ,泸县毗卢镇政府街至治安街停水频繁,四川省泸州市委书记杨林兴,105.442285,28.871805
17128168,2023-01-10 09:50:00, 投诉/求助 ,南部县神坝镇片区停水停气问题,四川省南充市南部县委书记,106.036584,31.347467
17112569,2023-01-08 22:39:00, 投诉/求助 ,无故停煤气,四川省巴中市委书记何平,106.747477,31.867903
17045135,2022-12-29 03:20:00, 建言 ,开江县慧民天然气公司连续无故停气四天,四川省达州市开江县委书记,107.868736,31.082986
17038276,2022-12-28 05:35:00, 投诉/求助 ,最冷的时候 停止供暖 城建部门不接电话,四川省阿坝州红原县委书记,102.544405,32.790891
17037778,2022-12-28 04:13:00, 投诉/求助 ,暖气公司不好好供暖,四川省阿坝州红原县委书记,102.544405,32.790891
17037326,2022-12-28 03:17:00, 投诉/求助 ,红原县供暖公司停供，要么供不热,四川省阿坝州红原县委书记,102.544405,32.790891
17014036,2022-12-25 07:22:00, 投诉/求助 ,乡村天然气过年供应不上,四川省眉山市市长黄河,103.848403,30.076994
16938366,2022-12-17 06:13:00, 投诉/求助 ,任市富友天然气公司,四川省达州市开江县委书记,107.868736,31.082986
16933769,2022-12-16 09:54:00, 投诉/求助 ,为啥经常停水，停气,四川省宜宾市江安县委书记,105.066879,28.723855
16926983,2022-12-15 09:53:00, 投诉/求助 ,蓝滨城悦府停电停气,四川省泸州市江阳区委书记,105.434982,28.87881
16926787,2022-12-15 09:23:00, 投诉/求助 ,蓝田街道蓝槟城,四川省泸州市江阳区委书记,105.434982,28.87881
16918477,2022-12-14 06:27:00, 投诉/求助 ,华星燃气未出公告随意停气,四川省成都市郫都区委书记,104.066794,30.572893
16648733,2022-11-17 17:36:00, 投诉/求助 ,新都港华燃气公司收费不透明,四川省成都市新都区委书记,104.158705,30.823498
16021356,2022-09-15 05:28:00, 咨询 ,关于南部县安装天然气报警器的问题,四川省南充市市长古正举,106.110698,30.837793
15763981,2022-08-18 21:40:00, 建言 ,双流兴能天然气乱收费,四川省成都市委书记施小琳,104.066794,30.572893
15749900,2022-08-17 06:45:00, 投诉/求助 ,关于农村用电用水用气问题,四川省自贡市富顺县委书记,104.975048,29.181429
15688122,2022-08-10 08:18:00, 建言 ,成都东站接站非常不便应开通东广场出站通道,四川省成都市市长王凤朝,104.066794,30.572893
15685842,2022-08-10 03:47:00, 投诉/求助 ,仁美大源印象物业对天然气检修不认真对待,四川省成都市高新区党工委书记,104.066794,30.572893
15680855,2022-08-09 13:30:00, 投诉/求助 ,南充市南部县建兴镇,四川省南充市委书记朱家德,106.110698,30.837793
15664503,2022-08-07 21:49:00, 咨询 ,南部新城生活设施建设,四川省成都市彭州市委书记,103.957983,30.990212
15662630,2022-08-07 11:23:00, 投诉/求助 ,希望领导能走进老百姓的心声,四川省资阳市安岳县委书记,105.35534,30.103107
15525576,2022-07-22 06:41:00, 投诉/求助 ,重大事故安全隐患整改,四川省成都市委书记施小琳,104.066794,30.572893
15518667,2022-07-21 21:05:00, 投诉/求助 ,资阳市安岳县毛家镇华澳天然气公司,四川省委书记王晓晖,104.075809,30.651239
15516282,2022-07-21 10:49:00, 投诉/求助 ,新津港华燃气公司不给开通燃气,四川省成都市委书记施小琳,104.066794,30.572893
15514457,2022-07-21 08:04:00, 投诉/求助 ,安岳县毛家镇华澳天然气公司,四川省资阳市委书记元方,104.627636,30.128901
15506899,2022-07-20 21:48:00, 投诉/求助 ,四川省资阳市安岳县白塔寺乡天燃气经常长期停气,四川省委书记王晓晖,105.35534,30.103107
15431307,2022-07-14 00:07:00, 投诉/求助 ,无天然气小区怎么办,四川省委书记王晓晖,104.075809,30.651239
15398690,2022-07-11 05:44:00, 投诉/求助 ,富顺县狮市镇停电问题,四川省自贡市富顺县委书记,104.975048,29.181429
15286567,2022-07-01 04:35:00, 投诉/求助 ,燃气缴费,四川省成都市金堂县委书记,104.411976,30.861979
15274452,2022-06-30 04:25:00, 投诉/求助 ,投诉温江区兴能燃气公司未提前告知住户停气,四川省委书记王晓晖,103.856646,30.682203
15168157,2022-06-21 06:14:00, 投诉/求助 ,蜀龙大道三天两头停水停电,四川省成都市新都区委书记,104.158705,30.823498
15163155,2022-06-20 23:26:00, 投诉/求助 ,天然气公司未告知收取违约金,四川省宜宾市江安县委书记,105.066879,28.723855
14717174,2022-05-15 21:27:00, 咨询 ,农村燃气气压不稳，有时不时停气,四川省内江市隆昌县委书记,105.287612,29.339476
14596991,2022-05-10 02:26:00, 投诉/求助 ,求助,四川省成都市彭州市委书记,103.957983,30.990212
14581478,2022-05-09 06:14:00, 投诉/求助 ,中海锦城二期顶楼违建,四川省成都市委书记施小琳,104.066794,30.572893
14368431,2022-04-26 23:11:00, 投诉/求助 ,投诉温江区兴能燃气公司未提前告知住户远程停气,四川省成都市温江区委书记,103.856646,30.682203
14065563,2022-04-08 08:06:00, 投诉/求助 ,双流区洋海公司液化气停气,四川省成都市委书记施小琳,104.066794,30.572893
13889384,2022-03-23 09:34:00, 投诉/求助 ,天然气无法网上交费，余额不足无任何通知,四川省成都市郫都区委书记,104.066794,30.572893
13829068,2022-03-18 03:24:00, 投诉/求助 ,燃气公司要求安装燃气报警器价格是否合理,四川省自贡市委书记何礼,104.778442,29.33903
13747318,2022-03-11 00:50:00, 投诉/求助 ,“帝一广场”项目未到达接房条件强制交付,四川省成都市委书记施小琳,104.066794,30.572893
12948196,2022-02-17 01:38:00, 投诉/求助 ,天府新区海伦春天燃气管道裸露悬空，存安全隐患,四川省委书记王晓晖,104.066794,30.572893
12831540,2022-02-07 03:03:00, 投诉/求助 ,古佛镇周家村片区过年停水停气,四川省自贡市富顺县委书记,104.975048,29.181429
12800620,2022-01-31 00:11:00, 投诉/求助 ,邻水县九龙镇燃气供应问题,四川省广安市委书记张彤,106.633088,30.456224
12800051,2022-01-30 21:51:00, 投诉/求助 ,自贡市贡井区龙潭镇长期停水停气,四川省委书记王晓晖,104.715288,29.345313
12784624,2022-01-28 20:07:00, 投诉/求助 ,林中漫步，天府映像两小区已停气四天,四川省宜宾市委书记方存好,104.642845,28.752134
12782067,2022-01-28 08:33:00, 投诉/求助 ,投诉天然气公司无理由停气,四川省宜宾市叙州区委书记,104.642845,28.752134
12759828,2022-01-26 03:00:00, 投诉/求助 ,寒冬腊月，燃气停气,四川省绵阳市江油市,104.745915,31.778026
12745687,2022-01-24 20:22:00, 投诉/求助 ,小溪坝镇东安停气问题,四川省绵阳市江油市,104.745915,31.778026
12738966,2022-01-24 02:39:00, 投诉/求助 ,"天然气公司未通知到位停气,影响生活",四川省委书记王晓晖,104.075809,30.651239
12721314,2022-01-22 06:01:00, 投诉/求助 ,燃气供给无故停供一周,四川省眉山市市长黄河,103.848403,30.076994
12650524,2022-01-15 20:09:00, 投诉/求助 ,经常长时间停水,四川省宜宾市江安县委书记,105.066879,28.723855
12632271,2022-01-13 23:36:00, 投诉/求助 ,燃气公司的收费不合理,四川省委书记王晓晖,106.110698,30.837793
12607407,2022-01-11 21:35:00, 投诉/求助 ,关于资阳市乐至县中天镇乐阳社区长期不间断停水,四川省资阳市委书记元方,104.627636,30.128901
15812326,2022-08-24 04:30:00, 投诉/求助 ,顶效燃气改造 停气5个月了 ,贵州省黔西南州黔西南布依族苗族自治州党委书记陈昌旭,104.906397,25.087856
14679766,2022-05-13 14:25:00, 投诉/求助 ,凯里市碧海云天小区物业问题投诉,贵州省黔东南州凯里市委书记,107.97754,26.582963
16775253,2022-11-28 22:25:00, 投诉/求助 ,镇雄燃气公司迟迟不给业主开通天然气,云南省昭通市委书记郭大进,103.717465,27.338257
16604431,2022-11-14 07:03:00, 建言 ,春苑小区春阳里改变车库用途安全隐患巨大,云南省昆明市西山区委书记,102.664382,25.038604
16349165,2022-10-22 07:49:00, 投诉/求助 ,云健水岸雅苑水电经常停,云南省曲靖市市长李先祥,103.796167,25.489999
16157988,2022-09-29 00:44:00, 投诉/求助 ,昭阳区中梁一号长时间停水停电停气,云南省昭通市委书记郭大进,103.717465,27.338257
16090763,2022-09-22 04:22:00, 建言 ,天然气到底啥子时候才弄好,云南省昭通市镇雄县委书记,104.87376,27.441622
15995423,2022-09-13 00:30:00, 咨询 ,为何还要别的地方可以用天然气？,云南省委书记王宁,102.710002,25.045806
15823470,2022-08-25 05:55:00, 投诉/求助 ,金色交响家园小区百余名住户被昆仑燃气停气,云南省昆明市市长刘佳晨,102.832891,24.880095
15751295,2022-08-17 09:41:00, 投诉/求助 ,彝良县中城然气有限公司无经营许可证乱收开户费,云南省昭通市彝良县委书记,104.048289,27.625418
15319712,2022-07-04 07:38:00, 投诉/求助 ,彝良县中城然气无资质乱收开户费,云南省委书记王宁,104.048289,27.625418
15269666,2022-06-29 22:05:00, 投诉/求助 ,云政发（2022）32号沾益供电局没有落实,云南省省长王予波,102.710002,25.045806
15142958,2022-06-19 03:45:00, 建言 ,对昆明云智停车收费管理的建议,云南省昆明市盘龙区委书记,102.751941,25.116465
14717251,2022-05-15 21:30:00, 投诉/求助 ,东旭御山湖小区燃气管道是否与市政燃气管道连通,云南省昆明市市长刘佳晨,102.832891,24.880095
14265780,2022-04-21 08:03:00, 投诉/求助 ,大为小区燃气泄漏维修效率低下迟迟不通气,云南省曲靖市沾益区委书记,103.822324,25.600507
13556106,2022-02-28 03:33:00, 投诉/求助 ,昭通碧桂园小区翡翠湾燃气开不了户，随时停气,云南省昭通市委书记郭大进,103.717465,27.338257
13309345,2022-02-21 07:39:00, 投诉/求助 ,停水停电三年,云南省昆明市委书记刘洪建,102.832891,24.880095
12763563,2022-01-26 09:41:00, 投诉/求助 ,求助领导，我们马上没有水喝了,云南省委书记王宁,102.540122,24.341215
12607069,2022-01-11 21:11:00, 投诉/求助 ,求助,云南省玉溪市委书记王力,102.527197,24.347324
12586839,2022-01-10 02:52:00, 投诉/求助 ,雅丽安都小区停车费及相关设施设备完善问题,云南省曲靖市市长李先祥,103.796167,25.489999
17058591,2022-12-31 03:53:00, 投诉/求助 ,周至城建部门不作为，物业办监管不到位,陕西省西安市委书记方红卫,108.93977,34.341574
17054465,2022-12-30 07:49:00, 投诉/求助 ,天然气停气,陕西省咸阳市委书记夏晓中,108.709136,34.32987
17051963,2022-12-30 01:43:00, 投诉/求助 ,周至县金周鑫城小区停水、停气无人处理,陕西省西安市周至县委书记,108.222162,34.163669
17050261,2022-12-29 21:56:00, 投诉/求助 ,汉府国风小区   频繁停天然气,陕西省汉中市南郑区委书记,107.02305,33.067225
17050123,2022-12-29 21:40:00, 投诉/求助 ,大河坎汉府国风天然气停气问题,陕西省汉中市南郑区委书记,107.02305,33.067225
17049627,2022-12-29 20:47:00, 投诉/求助 ,周至县二曲镇金周鑫城二期无故多次停水、停气等,陕西省西安市周至县委书记,108.222162,34.163669
17043478,2022-12-28 23:49:00, 投诉/求助 ,南郑区汉府国风小区停气问题,陕西省汉中市市长张烨,107.02305,33.067225
17009946,2022-12-24 20:58:00, 投诉/求助 ,咸阳市三原县福音村天然气断气，老百姓受冻,陕西省委书记赵一德,108.940509,34.617381
16947545,2022-12-18 23:29:00, 投诉/求助 ,冬季晚上停天然气,陕西省渭南市华州区委书记,109.775247,34.495915
16920410,2022-12-14 18:04:00, 投诉/求助 ,天然气为啥晚上就停了，很冷。,陕西省渭南市华阴市委书记,110.092078,34.566079
16809653,2022-12-01 23:07:00, 投诉/求助 ,临潼热力公司供暖季不供热,陕西省委书记赵一德,108.954347,34.265502
16803139,2022-12-01 05:23:00, 投诉/求助 ,富士来小区12号楼天然气停气问题,陕西省渭南市富平县委书记,109.18032,34.751077
16802990,2022-12-01 05:07:00, 投诉/求助 ,富士来小区12号楼频繁断气，无人处理。,陕西省渭南市富平县委书记,109.18032,34.751077
16794228,2022-11-30 09:04:00, 投诉/求助 ,高陵区玉祥天然气公司不发通知随意停气,陕西省省长赵刚,109.088297,34.534829
16767965,2022-11-28 05:20:00, 投诉/求助 ,天鹅湖冬天停气，夏天停电,陕西省西安市蓝田县委书记,109.32345,34.151298
16759290,2022-11-27 14:07:00, 投诉/求助 ,蓝田县天鹅湖小区频道停气,陕西省委书记赵一德,109.32345,34.151298
16689162,2022-11-21 05:56:00, 投诉/求助 ,投诉,陕西省渭南市市长陈晓勇,109.471094,34.52044
16493189,2022-11-06 01:15:00, 建言 ,秦政尚官坊关于供暖问题需要领导解决,陕西省渭南市富平县委书记,109.18032,34.751077
16460110,2022-11-03 03:10:00, 投诉/求助 ,棕榈阳光小区物业不管业主的供暖,陕西省西安市市长李明远,108.93977,34.341574
16421527,2022-10-30 15:11:00, 投诉/求助 ,南姜美景北区天然气何时能通,陕西省西安市委书记方红卫,108.93977,34.341574
16371053,2022-10-25 01:43:00, 投诉/求助 ,关于未央区太祥路违停事宜,陕西省西安市委书记方红卫,108.93977,34.341574
16357867,2022-10-23 13:23:00, 建言 ,供暖问题,陕西省延安市委书记蒿慧杰,109.494112,36.651381
16205256,2022-10-06 00:02:00, 投诉/求助 ,金地小区国庆停气影响居民生活,陕西省西安市委书记方红卫,108.93977,34.341574
16205208,2022-10-05 23:51:00, 投诉/求助 ,长安天然气公司停气5天,陕西省西安市市长李明远,108.93977,34.341574
16205180,2022-10-05 23:45:00, 投诉/求助 ,曲江金地中心风华小区被长安天然气无故停气,陕西省西安市市长李明远,108.93977,34.341574
16205121,2022-10-05 23:35:00, 投诉/求助 ,曲江中心风华停天然气已经6天，无人问津,陕西省西安市市长李明远,108.93977,34.341574
16202718,2022-10-05 09:26:00, 投诉/求助 ,长安天然气公司无故切断金地中心风华天然气供应,陕西省西安市市长李明远,108.93977,34.341574
16177767,2022-10-01 07:29:00, 投诉/求助 ,金地中心风华被长安天然气强制执行停气,陕西省西安市委书记方红卫,108.93977,34.341574
16037945,2022-09-16 22:57:00, 建言 ,雁塔区海伦国际小区门口,陕西省委书记赵一德,108.944644,34.214113
15922658,2022-09-05 04:55:00, 投诉/求助 ,小区环境脏乱差,陕西省西安市委书记方红卫,108.93977,34.341574
15908983,2022-09-03 20:03:00, 投诉/求助 ,灞柳良居西区物业只收钱不管理,陕西省西安市委书记方红卫,108.93977,34.341574
15891835,2022-09-01 21:00:00, 投诉/求助 ,高新四路怀德巷至南二环，非机动车道违停严重,陕西省西安市委书记方红卫,108.93977,34.341574
15735116,2022-08-15 23:27:00, 投诉/求助 ,张家边镇落雁边村泥软渠断水断气,陕西省榆林市绥德县委书记,110.263362,37.50294
15714922,2022-08-13 11:11:00, 投诉/求助 ,枣园小学家属区150多户居民今年无法供暖,陕西省延安市委书记蒿慧杰,109.494112,36.651381
15694518,2022-08-11 02:05:00, 投诉/求助 ,农行和石化厂家属楼停水断气居民无法生活,陕西省延安市吴起县委书记,108.175933,36.927215
15636309,2022-08-04 02:23:00, 投诉/求助 ,天鹅湖小区常年停电问题,陕西省西安市蓝田县委书记,109.32345,34.151298
15580260,2022-07-28 21:15:00, 投诉/求助 ,燃气,陕西省西安市市长李明远,108.93977,34.341574
15449045,2022-07-15 09:27:00, 投诉/求助 ,蓝田县天鹅湖入国家电网,陕西省西安市蓝田县委书记,109.32345,34.151298
15448926,2022-07-15 09:15:00, 投诉/求助 ,天鹅湖一期经常断电断水 停气,陕西省西安市蓝田县委书记,109.32345,34.151298
15385836,2022-07-10 01:05:00, 咨询 ,十里铺长十路什么时候拆迁，,陕西省西安市委书记方红卫,108.93977,34.341574
15116684,2022-06-16 12:33:00, 投诉/求助 ,冬季取暖问题求助,陕西省榆林市委书记张晓光,109.734474,38.285369
14339336,2022-04-25 23:22:00, 建言 ,石家街地铁口A出口周边闲置土地合理利用,陕西省西安市委书记方红卫,108.93977,34.341574
14268493,2022-04-21 13:30:00, 投诉/求助 ,问题得不到解决,陕西省西安市委书记方红卫,108.93977,34.341574
14067886,2022-04-08 12:53:00, 投诉/求助 ,罗家坪村脏乱差,陕西省延安市市长严汉平,109.494112,36.651381
13936194,2022-03-27 22:24:00, 建言 ,金旭路和河堤路交差何时扩建（古渡公园东边桥洞,陕西省咸阳市委书记夏晓中,108.709136,34.32987
13643984,2022-03-05 01:51:00, 投诉/求助 ,3月5号暖气就凉了,陕西省西安市未央区委书记,108.946825,34.29292
13604972,2022-03-02 22:30:00, 投诉/求助 ,          北郊电厂小区断水5天,陕西省榆林市委书记张晓光,109.734474,38.285369
13598145,2022-03-02 09:16:00, 咨询 ,公交车更新咨询,陕西省安康市市长王浩,109.029113,32.68481
13553903,2022-02-28 01:50:00, 投诉/求助 ,投诉,陕西省西安市市长李明远,108.93977,34.341574
13370224,2022-02-22 20:39:00, 投诉/求助 ,渭南市天然气紧缺，严重影响居民生活,陕西省委书记赵一德,109.471094,34.52044
13114100,2022-02-19 01:37:00, 投诉/求助 ,投诉天然气公司,陕西省延安市委书记蒿慧杰,109.494112,36.651381
13072629,2022-02-18 10:23:00, 投诉/求助 ,紫光供暖公司向西安华弘物业市政小区停止供暖,陕西省西安市委书记方红卫,108.93977,34.341574
12956325,2022-02-17 03:21:00, 投诉/求助 ,富平通源不能保证居民生活,陕西省渭南市委书记樊维斌,109.471094,34.52044
12955576,2022-02-17 03:11:00, 投诉/求助 ,富士莱停气,陕西省渭南市富平县委书记,109.18032,34.751077
12954858,2022-02-17 03:02:00, 投诉/求助 ,渭南市富平县富士莱小区的问题,陕西省渭南市市长陈晓勇,109.471094,34.52044
12926010,2022-02-16 07:34:00, 投诉/求助 ,小区供暖问题,陕西省西安市新城区委书记,108.960716,34.266447
12900240,2022-02-13 22:20:00, 投诉/求助 ,富平县连城村及周边村冬天天天停气,陕西省渭南市富平县委书记,109.18032,34.751077
12873666,2022-02-10 09:48:00, 投诉/求助 ,延安宝苑大厦上游气体问题,陕西省委书记赵一德,109.494112,36.651381
12873493,2022-02-10 09:25:00, 投诉/求助 ,关于水景湾小区燃气停气问题,陕西省安康市市长王浩,109.029113,32.68481
12819605,2022-02-04 21:35:00, 投诉/求助 ,燃气接二连三停气,陕西省安康市汉滨区委书记,109.026836,32.695172
12811532,2022-02-02 21:28:00, 投诉/求助 ,富士莱小区经常不定期停气,陕西省渭南市富平县委书记,109.18032,34.751077
12707810,2022-01-21 00:24:00, 投诉/求助 ,西安市莲湖区古都西苑小区的物业,陕西省西安市市长李明远,108.93977,34.341574
12544510,2022-01-06 09:33:00, 投诉/求助 ,停气十二天 天然气公司乱收费,陕西省委书记赵一德,107.621053,34.443459
12515984,2022-01-05 07:44:00, 投诉/求助 ,北坡片区今冬不好过,陕西省宝鸡市陇县县委书记,106.864397,34.89305
17175181,2023-01-18 02:11:00, 投诉/求助 ,希望寒冷止步于家门,甘肃省委书记胡昌升,103.243021,35.604376
17172010,2023-01-17 09:32:00, 投诉/求助 ,银星怡景苑停天然气,甘肃省临夏州临夏市委书记,103.243021,35.604376
17168699,2023-01-16 23:17:00, 投诉/求助 ,三九天停气,甘肃省委书记胡昌升,103.243021,35.604376
17115473,2023-01-09 03:33:00, 投诉/求助 ,暖气问题,甘肃省兰州市委书记 朱天舒,103.834303,36.061089
17082494,2023-01-04 06:04:00, 投诉/求助 ,关于西固区玉门街永盛苑小区供暖问题,甘肃省兰州市西固区委书记,103.627951,36.088552
17048417,2022-12-29 14:41:00, 投诉/求助 ,有关礼县德通天然气公司,甘肃省陇南市礼县县委书记,105.17864,34.189345
16978506,2022-12-22 06:17:00, 投诉/求助 ,改善社区环境质量,甘肃省委书记胡昌升,103.826447,36.05956
16837263,2022-12-04 22:19:00, 投诉/求助 ,金雁花园业主的诉求,甘肃省兰州市委书记 朱天舒,103.834303,36.061089
16555368,2022-11-10 05:17:00, 投诉/求助 ,利通公司天然气表费气,甘肃省平凉市崆峒区委书记,106.674767,35.542491
16448644,2022-11-02 02:51:00, 投诉/求助 ,煤气供应问题不解决，生活难啊,甘肃省兰州市西固区委书记,103.627951,36.088552
16357332,2022-10-23 10:52:00, 建言 ,甘谷县富强佳苑物业问题，冬季无法供暖,甘肃省天水市市长王国先,105.724979,34.580885
15536975,2022-07-23 12:01:00, 建言 ,武都区江南街道办赵坝社区到苏家坝社区道路问题,甘肃省陇南市武都区委书记,104.926337,33.392211
15196597,2022-06-23 10:22:00, 投诉/求助 ,本市天然气出租车加气难问题,甘肃省张掖市市长赵立香,100.449913,38.925548
14984927,2022-06-05 22:47:00, 投诉/求助 ,镇原天成国际的种种问题,甘肃省庆阳市镇原县委书记,107.200832,35.677462
14888926,2022-05-28 06:48:00, 投诉/求助 ,甘肃中石油昆仑燃气城关区分公司,甘肃省委书记胡昌升,103.825307,36.057464
14856480,2022-05-25 21:29:00, 投诉/求助 ,关于嘉峪关市芳馨苑小区燃气问题,甘肃省委书记胡昌升,98.289419,39.772554
13537285,2022-02-27 05:57:00, 投诉/求助 ,供热站限时停暖,甘肃省委书记胡昌升,103.26038,36.736513
13361839,2022-02-22 09:37:00, 投诉/求助 ,供暖问题,甘肃省兰州市市长张伟文,103.834303,36.061089
13296627,2022-02-21 03:38:00, 投诉/求助 ,航修厂恒悦物业黑心不供暖,甘肃省天水市委书记冯文戈,105.724979,34.580885
13137960,2022-02-19 05:41:00, 投诉/求助 ,航修厂小区的恒悦物业停暖，老百姓无处诉说,甘肃省天水市委书记冯文戈,105.724979,34.580885
13041753,2022-02-18 03:02:00, 投诉/求助 ,天水市麦积区航修厂停暖,甘肃省天水市委书记冯文戈,105.724979,34.580885
12769935,2022-01-27 02:42:00, 投诉/求助 ,举报甘肃凯添天然气有限公司,甘肃省武威市委书记柳鹏,102.638201,37.928267
12755947,2022-01-25 20:44:00, 投诉/求助 ,康县民康天然气,甘肃省陇南市康县县委书记,105.609169,33.329136
12728250,2022-01-23 01:33:00, 投诉/求助 ,何时能住上自己的房子,甘肃省委书记胡昌升,103.825307,36.057464
12619126,2022-01-12 21:24:00, 投诉/求助 ,投诉昆仑燃气公司,甘肃省武威市委书记柳鹏,102.638201,37.928267
17127324,2023-01-10 07:51:00, 投诉/求助 ,互助县五峰镇燃气问题,青海省海东市委书记乌拉孜别克·热苏力汗,102.104287,36.502039
17088129,2023-01-05 01:43:00, 投诉/求助 ,互助县燃气公司三餐时期限气停气，长时间半夜停,青海省海东市互助土族自治县委书记,101.959271,36.844248
17071695,2023-01-02 22:18:00, 投诉/求助 ,海西州加气站气源不足,青海省海西蒙古族藏族自治州党委书记王定邦,97.369751,37.377139
17034130,2022-12-27 21:08:00, 建言 ,互助县的天然气怎么啦？,青海省海东市互助土族自治县委书记,101.959271,36.844248
16665167,2022-11-19 02:45:00, 投诉/求助 ,芦花苑停气没人通知，打96517客服态度极差,宁夏回族自治区银川市西夏区委书记,106.161106,38.502605
15775733,2022-08-20 03:36:00, 投诉/求助 ,投诉中石油昆龙天然气公司,宁夏回族自治区银川市市长赵旭辉,106.230909,38.487193
13544597,2022-02-27 19:10:00, 咨询 ,天燃气公司为什么白天不停气，晚上要停,宁夏回族自治区吴忠市市长王学军,106.198913,37.997428
15515038,2022-07-21 08:59:00, 投诉/求助 ,乌苏市小区燃气检修不合理规定,新疆维吾尔自治区塔城地区乌苏市委书记,84.713396,44.41881
13930519,2022-03-27 05:51:00, 投诉/求助 ,丰好尊品小区机械车位问题,新疆维吾尔自治区乌鲁木齐市委书记杨发森,87.616848,43.825592
13045221,2022-02-18 03:45:00, 投诉/求助 ,乌市水区南湖集团南湖港湾,新疆维吾尔自治区党委书记马兴瑞,87.627704,43.793026
16971386,2022-12-22 02:11:00, 求助 ,密云区沿湖小区供暖不达标,北京市委书记尹力,116.843047,40.376894
16929447,2022-12-15 22:36:00, 投诉/求助 ,新安北里小区南灰楼暖气未达标,北京市委书记尹力,116.407394,39.904211
16788923,2022-11-30 00:38:00, 投诉/求助 ,师大北路21号院供暖16度,北京市市长殷勇,116.407394,39.904211
16520700,2022-11-07 22:42:00, 投诉/求助 ,回龙观龙兴园北区物业公司不作为额,北京市昌平区委书记甘靖中,116.231254,40.220804
16467741,2022-11-03 21:56:00, 投诉/求助 ,供气,北京市委书记尹力,116.143486,39.748823
15900618,2022-09-02 15:23:00, 投诉/求助 ,小区停天然气已6个月，无人处理！严重影响生活,北京市委书记尹力,116.143486,39.748823
15593656,2022-07-30 09:36:00, 投诉/求助 ,养老院经营陷入困境，拖欠老人养老费,北京市委书记尹力,116.407394,39.904211
15544098,2022-07-25 03:53:00, 建言 ,同意东升镇清河朱房东庄四街改造，理由如下,北京市委书记尹力,116.407394,39.904211
15372262,2022-07-08 09:14:00, 投诉/求助 ,世界名园小区十多年来临水临电临气问题,北京市委书记尹力,116.407394,39.904211
15127914,2022-06-17 10:14:00, 投诉/求助 ,房山区青龙湖镇坨里村丰盛家园小区燃气恢复问题,北京市房山区委书记邹劲松,116.143486,39.748823
14782790,2022-05-19 20:43:00, 建言 ,明春东苑物业费事宜,北京市委书记尹力,116.287039,39.858421
13843130,2022-03-19 10:02:00, 投诉/求助 ,佳日供暖极其不达标,北京市委书记尹力,116.407394,39.904211
16925195,2022-12-15 05:15:00, 投诉/求助 ,深冬取暖突然停气老百姓如何过冬,天津市委书记陈敏尔,117.200983,39.084158
16920342,2022-12-14 17:20:00, 投诉/求助 ,中燃天然气公司大冬天给老百姓停天然气,天津市委书记陈敏尔,117.309874,39.717564
16913430,2022-12-13 18:26:00, 投诉/求助 ,农村燃气故障,天津市市长张工,117.309874,39.717564
16885883,2022-12-09 22:19:00, 投诉/求助 ,天津宝坻区蝶恋祥园小区擅自关停居民生活燃气问,天津市市长张工,117.309874,39.717564
16724652,2022-11-24 07:19:00, 投诉/求助 ,宜兴埠镇花香漫城小区供暖问题,天津市北辰区区长徐晖,117.135488,39.224791
16421784,2022-10-30 19:03:00, 投诉/求助 ,天津燃气公司给居民停气5天无人问津,天津市委书记陈敏尔,117.200983,39.084158
16417559,2022-10-30 02:56:00, 投诉/求助 ,投诉天津燃气公司不作为,天津市河东区委书记范少军,117.251584,39.128294
13960396,2022-03-29 22:12:00, 投诉/求助 ,供暖不热,天津市西青区委书记朱财斌,117.008826,39.141152
13932975,2022-03-27 10:31:00, 投诉/求助 ,贻成福地供热提前停止供暖,天津市滨海新区区委书记连茂君,117.698407,39.01727
13808163,2022-03-16 09:16:00, 投诉/求助 ,暖气3月初就不给气了,天津市市长张工,117.31362,39.086802
13802057,2022-03-16 00:38:00, 投诉/求助 ,河北区汇光小区投诉泰嘉热力在3月1日就和停气,天津市河北区委书记徐刚,117.196648,39.147869
13796687,2022-03-15 10:59:00, 投诉/求助 ,河东区晨阳供热站供热不达标,天津市河东区委书记范少军,117.251584,39.128294
13751319,2022-03-11 07:01:00, 咨询 ,赵虎庄，三和热力供热不利。,天津市北辰区委书记倪斌,117.135488,39.224791
13621920,2022-03-03 21:02:00, 投诉/求助 ,贻静园暖气加压问题,天津市滨海新区区委书记连茂君,117.698407,39.01727
13584584,2022-03-01 21:23:00, 投诉/求助 ,晨阳供热站供热不达标,天津市河东区区长周波,117.251584,39.128294
13412819,2022-02-23 09:55:00, 投诉/求助 ,鸿顺里街道日盈里不供热,天津市河北区委书记徐刚,117.196648,39.147869
13087716,2022-02-18 20:44:00, 投诉/求助 ,昆兰苑严重供暖不足,天津市津南区委书记王宝雨,117.35726,38.937928
17194469,2023-01-23 23:25:00, 投诉/求助 ,投诉华润燃气三天两头饭点停气,河北省邯郸市市长樊成华,114.538959,36.625594
17193893,2023-01-23 19:26:00, 投诉/求助 ,23年1月24号中燃燃气公司无故停止供气,河北省沧州市委书记康彦民,116.838834,38.304477
17184480,2023-01-19 21:43:00, 投诉/求助 ,求助 ,河北省委书记倪岳峰,114.504677,37.070834
17117507,2023-01-09 06:44:00, 投诉/求助 ,农村煤改气，现在晚上没气取暖,河北省委书记倪岳峰,115.724259,37.513417
17101483,2023-01-06 23:20:00, 投诉/求助 ,无故停天然气,河北省沧州市市长向辉,116.838834,38.304477
17096112,2023-01-06 02:47:00, 投诉/求助 ,燃气公司强制停气,河北省保定市市长闫继红,115.464589,38.874434
17087189,2023-01-04 23:35:00, 投诉/求助 ,农村天燃气供暖问题,河北省保定市望都县委书记,115.155128,38.695842
17085476,2023-01-04 20:15:00, 投诉/求助 ,农村天然气供给不足，无法取暖做饭,河北省石家庄市元氏县委书记,114.525409,37.766513
17080255,2023-01-04 00:55:00, 投诉/求助 ,邢台市隆尧县农村取暖燃气不是限购就是停气,河北省省长王正谱,114.770419,37.350172
17075895,2023-01-03 07:52:00, 投诉/求助 ,邢台市广宗中燃公司,河北省委书记倪岳峰,114.530235,38.037433
17074802,2023-01-03 04:58:00, 投诉/求助 ,河北农村燃气夜间断供，无法正常采暖,河北省委书记倪岳峰,114.770419,37.350172
17070461,2023-01-02 19:39:00, 投诉/求助 ,燃气停气,河北省委书记倪岳峰,114.770419,37.350172
17067453,2023-01-02 02:44:00, 投诉/求助 ,农村取暖难,河北省委书记倪岳峰,115.155128,38.695842
17064584,2023-01-01 09:51:00, 投诉/求助 ,燃气供暖停气频繁严重影响供暖,河北省保定市委书记党晓龙,115.464589,38.874434
17060440,2022-12-31 11:23:00, 投诉/求助 ,肥乡区中燃公司擅自限气和停气,河北省邯郸市委书记张维亮,114.538959,36.625594
17059023,2022-12-31 05:36:00, 建言 ,中石化调高价格 ,河北省沧州市献县县委书记,116.122725,38.190185
17056525,2022-12-30 21:08:00, 投诉/求助 ,百川燃气一周停气四次，阳性居民供暖苦不堪言,河北省廊坊市委书记王立彤,116.683752,39.538047
17056334,2022-12-30 20:24:00, 投诉/求助 ,天然气天天停气,河北省委书记倪岳峰,114.538959,36.625594
17055513,2022-12-30 11:12:00, 建言 ,奥德徐水天然气公司晚上必停气，连续了半个月了,河北省保定市徐水区委书记,115.655774,39.018736
17054836,2022-12-30 08:47:00, 投诉/求助 ,求助,河北省邯郸市邱县县委书记,115.200589,36.811148
17053278,2022-12-30 04:45:00, 投诉/求助 ,跨年夜我们却面临停气挨冻的担忧，恳求领导整顿,河北省保定市市长闫继红,115.464589,38.874434
17052590,2022-12-30 03:10:00, 投诉/求助 ,每天晚上停气,河北省邢台市巨鹿县委书记,115.037477,37.221112
17050736,2022-12-29 22:51:00, 投诉/求助 ,天然气供给不足，影响民生,河北省委书记倪岳峰,114.770419,37.350172
17049506,2022-12-29 20:34:00, 投诉/求助 ,冬天天然气总停气，农村无法正常取暖做饭,河北省廊坊市委书记王立彤,116.683752,39.538047
17048491,2022-12-29 16:39:00, 投诉/求助 ,燃气公司每天停气 该怎么过冬,河北省委书记倪岳峰,115.037477,37.221112
17045714,2022-12-29 04:30:00, 投诉/求助 ,中石油卖高价气，停气让老百姓挨冻,河北省沧州市盐山县委书记,117.230602,38.058087
17043935,2022-12-29 01:01:00, 投诉/求助 ,巨鹿县官亭镇常营村天然气限购，还经常停气,河北省邢台市委书记,114.504677,37.070834
17043698,2022-12-29 00:22:00, 投诉/求助 ,煤改气供暖，但一到晚上就停气，无法供暖,河北省保定市高碑店市委书记,115.873886,39.326839
17039785,2022-12-28 08:56:00, 投诉/求助 ,天燃气没气,河北省邯郸市委书记张维亮,114.538959,36.625594
17039332,2022-12-28 07:57:00, 投诉/求助 ,严冬腊月，我们需要温暖。天然气供应,河北省衡水市饶阳县委书记,115.725833,38.235892
17039242,2022-12-28 07:45:00, 投诉/求助 ,燃气天天停气，百姓取暖做饭难,河北省邯郸市永年区委书记,114.538959,36.625594
17039168,2022-12-28 07:36:00, 投诉/求助 ,河北省天然气有限公司卖高价气，停气让我们受冻,河北省邢台市市长宋华英,114.504677,37.070834
17038661,2022-12-28 06:35:00, 投诉/求助 ,农村取暖断气问题,河北省邢台市南宫市委书记,115.408747,37.359264
17038541,2022-12-28 06:19:00, 投诉/求助 ,永年天然气为什么天天停。,河北省邯郸市永年区委书记,114.538959,36.625594
17038267,2022-12-28 05:32:00, 建言 ,邯郸市永年区天然气没气,河北省委书记倪岳峰,114.538959,36.625594
17035342,2022-12-27 22:56:00, 投诉/求助 ,廊坊市文安县住建局 ,河北省委书记倪岳峰,116.457898,38.87292
17031829,2022-12-27 08:59:00, 建言 ,保定市顺平县到了冬季天天晚上停气,河北省委书记倪岳峰,115.13547,38.837487
17031189,2022-12-27 07:36:00, 投诉/求助 ,邯郸市邯山区南堡乡沙口村高铁桥西停电频繁,河北省委书记倪岳峰,114.538959,36.625594
17031052,2022-12-27 07:20:00, 投诉/求助 ,煤改气,河北省邯郸市市长樊成华,114.538959,36.625594
17030699,2022-12-27 06:42:00, 投诉/求助 ,断气供暖,河北省沧州市委书记康彦民,116.838834,38.304477
17029600,2022-12-27 04:05:00, 投诉/求助 ,奥德燃气不供天然气,河北省省长王正谱,117.007478,38.219856
17027699,2022-12-27 00:14:00, 投诉/求助 ,冬天经常停气断电，无法保障正常取暖,河北省委书记倪岳峰,115.147814,36.285616
17027501,2022-12-26 23:42:00, 投诉/求助 ,农村今冬如何过,河北省委书记倪岳峰,114.770419,37.350172
17027174,2022-12-26 22:59:00, 投诉/求助 ,天然气每天停气，百姓不能生存,河北省邢台市委书记,114.504677,37.070834
17027048,2022-12-26 22:44:00, 投诉/求助 ,冬季燃气供暖不足，老人家里挨冻,河北省沧州市委书记康彦民,116.838834,38.304477
17026736,2022-12-26 22:11:00, 投诉/求助 ,天然气每天故意停气,河北省委书记倪岳峰,114.538959,36.625594
17026634,2022-12-26 22:01:00, 投诉/求助 ,再不供气 冬天就过完了,河北省委书记倪岳峰,115.200589,36.811148
17026624,2022-12-26 22:00:00, 投诉/求助 ,徐水区普辰天然气公司半夜停气,河北省保定市市长闫继红,115.464589,38.874434
17026287,2022-12-26 21:27:00, 投诉/求助 ,天然气问题,河北省邢台市隆尧县委书记,114.770419,37.350172
17025533,2022-12-26 20:06:00, 投诉/求助 ,中燃断气,河北省廊坊市大城县委书记,116.653793,38.705449
17025394,2022-12-26 19:49:00, 投诉/求助 ,农民燃气取暖问题,河北省邯郸市曲周县委书记,114.957504,36.76607
17025122,2022-12-26 18:59:00, 投诉/求助 ,元氏县中燃供气公司，不给老百姓供气,河北省石家庄市委书记张超超,114.514793,38.042228
17024272,2022-12-26 10:03:00, 投诉/求助 ,谁能帮帮邱县用中燃的用户,河北省委书记倪岳峰,114.530235,38.037433
17024131,2022-12-26 09:38:00, 投诉/求助 ,中燃公司频繁停气，老百姓生活难,河北省省长王正谱,114.957504,36.76607
17023605,2022-12-26 08:24:00, 投诉/求助 ,天然气供应问题,河北省沧州市献县县委书记,116.122725,38.190185
17022918,2022-12-26 07:16:00, 投诉/求助 ,农村燃气停气,河北省保定市委书记党晓龙,115.464589,38.874434
17022626,2022-12-26 06:47:00, 投诉/求助 ,邱县香城固镇各村每天都停天然气,河北省邯郸市邱县县委书记,115.200589,36.811148
17021838,2022-12-26 05:10:00, 投诉/求助 ,元氏县中燃能源发展有限公司，每天给老百姓断气,河北省委书记倪岳峰,114.525409,37.766513
17018004,2022-12-25 22:19:00, 投诉/求助 ,经开区申刘庄村天然气后半夜无故停气,河北省邯郸市经济技术开发区党工委书记,114.538959,36.625594
17016777,2022-12-25 20:40:00, 投诉/求助 ,农村煤改气,河北省沧州市委书记康彦民,116.838834,38.304477
17016776,2022-12-25 20:40:00, 投诉/求助 ,徐水停燃气,河北省保定市委书记党晓龙,115.464589,38.874434
17015711,2022-12-25 17:20:00, 投诉/求助 ,家里刚生孩子，每天晚上停气,河北省委书记倪岳峰,114.504677,37.070834
17014969,2022-12-25 09:29:00, 投诉/求助 ,曲周县燃气公司每天停气,河北省邯郸市市长樊成华,114.538959,36.625594
17013777,2022-12-25 06:45:00, 投诉/求助 ,人民取暖,河北省委书记倪岳峰,116.457898,38.87292
17012027,2022-12-25 01:43:00, 投诉/求助 ,煤改气老是停气,河北省邯郸市委书记张维亮,114.538959,36.625594
17011689,2022-12-25 00:54:00, 投诉/求助 ,沧州献县商林乡南宗村取暖问题,河北省委书记倪岳峰,116.122725,38.190185
17011335,2022-12-24 23:50:00, 投诉/求助 ,中燃气在这个取暖的季节天天停气,河北省邯郸市曲周县委书记,114.957504,36.76607
17010126,2022-12-24 21:19:00, 投诉/求助 ,邯郸冀南新区中燃停供天然气无法取暖,河北省委书记倪岳峰,114.538959,36.625594
17008628,2022-12-24 11:08:00, 投诉/求助 ,为什么到晚上就停气,河北省保定市徐水区委书记,115.655774,39.018736
17007497,2022-12-24 07:48:00, 投诉/求助 ,尊敬的领导你好,河北省委书记倪岳峰,114.957504,36.76607
17007224,2022-12-24 07:18:00, 投诉/求助 ,农村天然气整天不供气,河北省委书记倪岳峰,116.122725,38.190185
17006350,2022-12-24 05:30:00, 投诉/求助 ,沧县奥德燃气故意停气，百姓挨冻,河北省沧州市沧县县委书记,117.007478,38.219856
17006181,2022-12-24 05:01:00, 投诉/求助 ,沧县黄递铺乡刘吉村天然气停气,河北省沧州市沧县县委书记,117.007478,38.219856
17006061,2022-12-24 04:42:00, 投诉/求助 ,曲周中燃限购、晚上停气,河北省邯郸市曲周县委书记,114.957504,36.76607
17005517,2022-12-24 03:36:00, 投诉/求助 ,事关朱各庄乡新盖房村燃气取暖问题,河北省雄安新区雄县县委书记,116.10865,38.99455
17005208,2022-12-24 03:01:00, 投诉/求助 ,没有任何通知停天然气，五天了不能正常做饭,河北省省长王正谱,114.530235,38.037433
17002944,2022-12-23 22:39:00, 投诉/求助 ,北河庄一村天然气问题,河北省邢台市宁晋县委书记,114.93992,37.624564
17000788,2022-12-23 18:28:00, 投诉/求助 ,燃气公司人为断气,河北省沧州市委书记康彦民,116.838834,38.304477
17000612,2022-12-23 17:30:00, 投诉/求助 ,关于农村天然气停气的问题,河北省保定市委书记党晓龙,115.464589,38.874434
16999717,2022-12-23 09:38:00, 投诉/求助 ,雄县大营镇中国燃气,河北省雄安新区党工委书记张国华,116.10865,38.99455
16999579,2022-12-23 09:22:00, 建言 ,中国燃气停气,河北省雄安新区雄县县委书记,116.10865,38.99455
16998223,2022-12-23 07:25:00, 建言 ,燃气晚上停气,河北省邯郸市市长樊成华,114.538959,36.625594
16997419,2022-12-23 06:30:00, 投诉/求助 ,新奥燃气未提前告知要强制停供天然气,河北省委书记倪岳峰,114.530235,38.037433
16996258,2022-12-23 04:52:00, 投诉/求助 ,有关农村地区天然气问题一改,河北省沧州市委书记康彦民,116.838834,38.304477
16989309,2022-12-22 21:37:00, 投诉/求助 ,中燃无故多次停燃气造成村民冬日无法取暖,河北省沧州市委书记康彦民,116.838834,38.304477
16983169,2022-12-22 09:09:00, 投诉/求助 ,燃气停气无法供暖做饭,河北省邯郸市委书记张维亮,114.538959,36.625594
16979643,2022-12-22 06:55:00, 投诉/求助 ,河北省邯郸市馆陶县路桥乡农村无故停气,河北省委书记倪岳峰,115.282467,36.547556
16965967,2022-12-21 19:38:00, 投诉/求助 ,投诉大名中燃公司,河北省邯郸市大名县委书记,115.147814,36.285616
16965846,2022-12-21 19:13:00, 投诉/求助 ,安国市中燃燃气 总是停气,河北省保定市委书记党晓龙,115.464589,38.874434
16965797,2022-12-21 19:01:00, 投诉/求助 ,王寺村燃气取暖困难,河北省沧州市南皮县委书记,116.708347,38.038421
16965759,2022-12-21 18:52:00, 投诉/求助 ,村里天天停气，百姓苦不堪言,河北省委书记倪岳峰,115.724259,37.513417
16965313,2022-12-21 12:04:00, 投诉/求助 ,行唐县龙州镇顺城街村天然气取暖每天晚上停气,河北省石家庄市委书记张超超,114.514793,38.042228
16965160,2022-12-21 10:22:00, 投诉/求助 ,天然气 限购  停气,河北省邯郸市大名县委书记,115.147814,36.285616
16965020,2022-12-21 09:34:00, 投诉/求助 ,村里煤改气取暖，总是停气，影响供暖,河北省保定市安国市委书记,115.326646,38.418439
16963795,2022-12-21 06:23:00, 投诉/求助 ,定兴县新奥燃气半夜停暖,河北省保定市委书记党晓龙,115.464589,38.874434
16959976,2022-12-20 21:21:00, 投诉/求助 ,农村燃气断供，做饭取暖成问题,河北省委书记倪岳峰,114.683863,37.005017
16959818,2022-12-20 21:01:00, 投诉/求助 ,农村燃气经常在饭点停气，影响老百姓正常生活,河北省邯郸市委书记张维亮,114.538959,36.625594
16959464,2022-12-20 20:13:00, 投诉/求助 ,农村天然气停气频繁,河北省沧州市献县县委书记,116.122725,38.190185
16959260,2022-12-20 19:35:00, 投诉/求助 ,中燃天然气何时能保证正常供气 ,河北省委书记倪岳峰,114.504677,37.070834
16959244,2022-12-20 19:29:00, 投诉/求助 ,天然气取暖炉每天晚上停气,河北省石家庄市行唐县委书记,114.552714,38.438377
16959125,2022-12-20 19:04:00, 投诉/求助 ,关于中燃公司限气停气问题,河北省委书记倪岳峰,115.724259,37.513417
16958333,2022-12-20 09:41:00, 投诉/求助 ,广平中燃寒冬供气问题,河北省邯郸市委书记张维亮,114.538959,36.625594
16957969,2022-12-20 08:34:00, 投诉/求助 ,冬季过半，老百姓供暖还没保障,河北省委书记倪岳峰,115.282467,36.547556
16957877,2022-12-20 08:17:00, 投诉/求助 ,投诉中燃燃气,河北省邯郸市市长樊成华,114.538959,36.625594
16957051,2022-12-20 06:06:00, 投诉/求助 ,中燃无缘无故老是停气,河北省邯郸市大名县委书记,115.147814,36.285616
16956800,2022-12-20 05:28:00, 投诉/求助 ,天然气经常停气,河北省衡水市委书记吴晓华,115.670177,37.73892
16956163,2022-12-20 03:50:00, 投诉/求助 ,农村天然气供应不足,河北省委书记倪岳峰,116.122725,38.190185
16956010,2022-12-20 03:29:00, 投诉/求助 ,献县中燃公司停止供气,河北省省长王正谱,116.122725,38.190185
16955055,2022-12-20 01:28:00, 投诉/求助 ,农村煤改气后，频繁停气，无法正常取暖,河北省石家庄市元氏县委书记,114.525409,37.766513
16954587,2022-12-20 00:12:00, 投诉/求助 ,农村农民取暖问题,河北省委书记倪岳峰,116.708347,38.038421
16954520,2022-12-20 00:02:00, 投诉/求助 ,天燃气随意停气,河北省邯郸市冀南新区党工委书记,114.538959,36.625594
16953195,2022-12-19 21:12:00, 投诉/求助 ,燃气取暖，总停气,河北省省长王正谱,116.122725,38.190185
16953165,2022-12-19 21:08:00, 投诉/求助 ,寒冷的冬天，燃气公司天天停气,河北省保定市市长闫继红,115.464589,38.874434
16952907,2022-12-19 20:38:00, 投诉/求助 ,关可民生问题,河北省邯郸市曲周县委书记,114.957504,36.76607
16952642,2022-12-19 20:01:00, 投诉/求助 ,关于天然气夜晚停气的问题,河北省保定市唐县县委书记,114.982972,38.748203
16952487,2022-12-19 19:34:00, 投诉/求助 ,魏增寨镇天然气,河北省邯郸市馆陶县委书记,115.282467,36.547556
16952392,2022-12-19 19:16:00, 投诉/求助 ,燃气公司不送气,河北省省长王正谱,114.619536,36.335025
16952272,2022-12-19 18:44:00, 投诉/求助 ,领导们西付集这边的天然气什么时候能正常了呢,河北省邯郸市大名县委书记,115.147814,36.285616
16951477,2022-12-19 09:30:00, 建言 ,老百姓取暖跟正常生活,河北省邯郸市曲周县委书记,114.957504,36.76607
16950377,2022-12-19 06:41:00, 投诉/求助 ,北河沿156号院天燃气限量供应居民苦不堪言,河北省保定市委书记党晓龙,115.464589,38.874434
16950028,2022-12-19 05:48:00, 投诉/求助 ,天然气天天停不能取暖投诉无门,河北省委书记倪岳峰,116.804305,38.583021
16949113,2022-12-19 03:39:00, 投诉/求助 ,农村取暖问题,河北省省长王正谱,116.578367,38.083437
16948853,2022-12-19 03:03:00, 投诉/求助 ,这么冷的天天然气却一直在停,河北省邯郸市委书记张维亮,114.538959,36.625594
16948765,2022-12-19 02:51:00, 投诉/求助 ,保定市莲池区156号院天然气问题,河北省保定市委书记党晓龙,115.464589,38.874434
16947048,2022-12-18 22:18:00, 投诉/求助 ,河北省衡水市饶阳县燃气问题,河北省委书记倪岳峰,115.725833,38.235892
16946679,2022-12-18 21:35:00, 投诉/求助 ,冬季无法做饭取暖,河北省邯郸市委书记张维亮,114.538959,36.625594
16945914,2022-12-18 19:51:00, 投诉/求助 ,泊头市博通燃气停气问题,河北省沧州市泊头市委书记,116.578367,38.083437
16945859,2022-12-18 19:38:00, 投诉/求助 ,取暖困难,河北省委书记倪岳峰,115.155128,38.695842
16945533,2022-12-18 18:02:00, 咨询 ,邱县新马头镇第四营村停气问题,河北省邯郸市邱县县委书记,115.200589,36.811148
16945529,2022-12-18 18:02:00, 投诉/求助 ,中燃天然气何时能保证正常供气,河北省邯郸市大名县委书记,115.147814,36.285616
16945323,2022-12-18 14:11:00, 投诉/求助 ,取暖问题,河北省委书记倪岳峰,114.530235,38.037433
16944471,2022-12-18 08:05:00, 投诉/求助 ,邱县中燃能源发展有限公司无故经常停天然气,河北省委书记倪岳峰,115.200589,36.811148
16944273,2022-12-18 07:33:00, 投诉/求助 ,邱县燃气每天晚上停气，孩子都冻感冒了,河北省邯郸市委书记张维亮,114.538959,36.625594
16942668,2022-12-18 02:21:00, 投诉/求助 ,老百姓怎么过冬,河北省委书记倪岳峰,115.724259,37.513417
16941968,2022-12-18 00:06:00, 投诉/求助 ,燃气供应不上，百姓挨冻,河北省沧州市委书记康彦民,116.838834,38.304477
16941297,2022-12-17 21:58:00, 投诉/求助 ,肥乡区东河头堡小区燃气问题没有解决,河北省邯郸市市长樊成华,114.538959,36.625594
16941256,2022-12-17 21:52:00, 建言 ,农村天然气供应及暖气问题,河北省委书记倪岳峰,114.530235,38.037433
16941009,2022-12-17 21:13:00, 建言 ,农村天气热供热情况反应,河北省保定市委书记党晓龙,115.464589,38.874434
16940684,2022-12-17 20:15:00, 投诉/求助 ,投诉邱县中燃,河北省邯郸市邱县县委书记,115.200589,36.811148
16940387,2022-12-17 19:16:00, 投诉/求助 ,冬天无法取暖,河北省委书记倪岳峰,114.693425,37.482422
16940081,2022-12-17 17:20:00, 投诉/求助 ,自来水问题，燃气问题，,河北省邯郸市大名县委书记,115.147814,36.285616
16939964,2022-12-17 14:05:00, 投诉/求助 ,半夜停气,河北省保定市委书记党晓龙,115.464589,38.874434
16939915,2022-12-17 12:23:00, 投诉/求助 ,三天两头给停气！生活受到影响,河北省省长王正谱,116.708347,38.038421
16939867,2022-12-17 11:44:00, 投诉/求助 ,河北邯郸利坤燃气，正取暖的时候老是停气,河北省省长王正谱,114.538959,36.625594
16939584,2022-12-17 09:43:00, 投诉/求助 ,馆陶县中国燃气天天停气,河北省邯郸市委书记张维亮,114.538959,36.625594
16939529,2022-12-17 09:30:00, 投诉/求助 ,投诉邯郸市中燃天然气公司,河北省委书记倪岳峰,114.538959,36.625594
16939398,2022-12-17 09:01:00, 投诉/求助 ,衡水农村老停燃气,河北省委书记倪岳峰,115.670177,37.73892
16938803,2022-12-17 07:21:00, 投诉/求助 ,易县申易燃气天天夜间停气，无法正常供暖。,河北省保定市市长闫继红,115.464589,38.874434
16938570,2022-12-17 06:47:00, 投诉/求助 ,望都中燃 限售燃气 晚上停气 百姓挨冻,河北省保定市委书记党晓龙,115.464589,38.874434
16937918,2022-12-17 04:38:00, 投诉/求助 ,燃气公司断燃气,河北省沧州市市长向辉,116.838834,38.304477
16937611,2022-12-17 03:43:00, 投诉/求助 ,燃气不够取暖，家里冷,河北省邢台市临西县委书记,115.501048,36.870811
16937424,2022-12-17 03:14:00, 投诉/求助 ,煤改气后经常停气取暖做饭都是问题,河北省省长王正谱,116.122725,38.190185
16936749,2022-12-17 00:56:00, 投诉/求助 ,投诉中燃天天晚上停气,河北省保定市唐县县委书记,114.982972,38.748203
16936600,2022-12-17 00:28:00, 投诉/求助 ,定州市叮咛店镇天然气停气导致农民挨冻！,河北省定州市委书记张涛,,
16936192,2022-12-16 23:12:00, 投诉/求助 ,邯郸市曲周县南里岳乡天然气停气,河北省省长王正谱,114.530235,38.037433
16936186,2022-12-16 23:11:00, 投诉/求助 ,广平县中燃燃气公司晚上经常性停气。,河北省邯郸市广平县委书记,114.948606,36.483484
16935052,2022-12-16 20:44:00, 投诉/求助 ,天然气限购停气,河北省保定市定兴县委书记,115.808296,39.263145
16934295,2022-12-16 16:50:00, 咨询 ,农村用什么来取暖,河北省邯郸市邱县县委书记,115.200589,36.811148
16933597,2022-12-16 09:21:00, 投诉/求助 ,停气取暖,河北省邯郸市峰峰矿区委书记,114.212802,36.419739
16933486,2022-12-16 09:05:00, 投诉/求助 ,章里集镇北柴屯村没水没天然气,河北省邯郸市临漳县委书记,114.619536,36.335025
16933269,2022-12-16 08:26:00, 咨询 ,天然气停气问题,河北省邯郸市邱县县委书记,115.200589,36.811148
16932715,2022-12-16 06:55:00, 投诉/求助 ,天然气供应不足,河北省委书记倪岳峰,114.538959,36.625594
16932712,2022-12-16 06:55:00, 投诉/求助 ,求助,河北省邯郸市委书记张维亮,114.538959,36.625594
16930271,2022-12-16 00:47:00, 投诉/求助 ,农村天然气停气，做饭取暖成百姓日常大问题,河北省邯郸市肥乡区委书记,114.538959,36.625594
16930249,2022-12-16 00:43:00, 建言 ,天然气断气,河北省沧州市泊头市委书记,116.578367,38.083437
16928337,2022-12-15 20:19:00, 投诉/求助 ,中燃公司随意停气,河北省邯郸市邱县县委书记,115.200589,36.811148
16927400,2022-12-15 12:45:00, 投诉/求助 ,利坤燃气公司随意停气,河北省委书记倪岳峰,114.619536,36.335025
16926971,2022-12-15 09:52:00, 投诉/求助 ,农村煤改气让广大农民挨冻、受累,河北省委书记倪岳峰,115.46438,38.457364
16922869,2022-12-14 23:51:00, 投诉/求助 ,天然气停气,河北省邯郸市市长樊成华,114.538959,36.625594
16920521,2022-12-14 18:37:00, 投诉/求助 ,入冬来天然气几乎每天都停,河北省沧州市吴桥县委书记,116.391508,37.627661
16920439,2022-12-14 18:14:00, 投诉/求助 ,奥德燃气公司冬季供暖随意停气,河北省沧州市青县县委书记,116.804305,38.583021
16920183,2022-12-14 13:56:00, 投诉/求助 ,河北省邯郸市邱县冬天晚上停气，无法取暖，百姓,河北省邯郸市委书记张维亮,114.538959,36.625594
16914523,2022-12-13 21:05:00, 投诉/求助 ,冬季取暖，燃气限购,河北省省长王正谱,115.808296,39.263145
16913847,2022-12-13 19:44:00, 投诉/求助 ,关于保定市博野县北两合村燃气总停气的问题,河北省委书记倪岳峰,115.46438,38.457364
16912203,2022-12-13 08:44:00, 投诉/求助 ,天然气问题,河北省委书记倪岳峰,114.504677,37.070834
16910419,2022-12-13 04:34:00, 投诉/求助 ,河北省定州市孙家庄村新奥燃气停供天然气,河北省定州市委书记张涛,,
16909327,2022-12-13 02:32:00, 投诉/求助 ,泊头文庙地区停气,河北省沧州市泊头市委书记,116.578367,38.083437
16904490,2022-12-12 09:05:00, 投诉/求助 ,泊头奥德燃气公司,河北省沧州市泊头市委书记,116.578367,38.083437
16898682,2022-12-11 21:24:00, 投诉/求助 ,燃气问题,河北省沧州市泊头市委书记,116.578367,38.083437
16897657,2022-12-11 19:37:00, 投诉/求助 ,王武镇燃气公司停气停暖,河北省沧州市泊头市委书记,116.578367,38.083437
16896404,2022-12-11 09:32:00, 咨询 ,半夜天然气停气,河北省邯郸市邱县县委书记,115.200589,36.811148
16895675,2022-12-11 07:37:00, 投诉/求助 ,要求农民煤改气冬季天然气限购经常停气,河北省委书记倪岳峰,114.530235,38.037433
16895591,2022-12-11 07:23:00, 投诉/求助 ,中燃天然气公司随意停气,河北省沧州市吴桥县委书记,116.391508,37.627661
16894716,2022-12-11 05:02:00, 投诉/求助 ,燃气公司限购燃气，还停气。,河北省邯郸市委书记张维亮,114.538959,36.625594
16894545,2022-12-11 04:31:00, 投诉/求助 ,鸡泽县中燃天然气公司半夜断气,河北省邯郸市委书记张维亮,114.538959,36.625594
16892462,2022-12-10 22:46:00, 投诉/求助 ,奥德天然气公司不作为,河北省沧州市委书记康彦民,116.838834,38.304477
16890692,2022-12-10 14:46:00, 投诉/求助 ,农村取暖问题,河北省委书记倪岳峰,114.957504,36.76607
16888325,2022-12-10 04:47:00, 投诉/求助 ,乐寿镇南街村百川燃气停气3天了,河北省沧州市献县县委书记,116.122725,38.190185
16880733,2022-12-09 03:49:00, 投诉/求助 ,燃气供应不足无法取暖,河北省沧州市青县县委书记,116.804305,38.583021
16871597,2022-12-08 03:55:00, 投诉/求助 ,冬季采暖期天燃气公司无缘无故长时间停气,河北省石家庄市元氏县委书记,114.525409,37.766513
16868357,2022-12-07 22:36:00, 投诉/求助 ,定州市赛里村停气停暖，不让交费,河北省委书记倪岳峰,,
16865436,2022-12-07 14:46:00, 投诉/求助 ,涞水中燃半夜停气,河北省保定市涞水县委书记,115.713904,39.394316
16856555,2022-12-06 20:34:00, 建言 ,天然气停气,河北省邯郸市大名县委书记,115.147814,36.285616
16854499,2022-12-06 09:53:00, 投诉/求助 ,天然气晚上老停气希望领导解决一下,河北省保定市徐水区委书记,115.655774,39.018736
16853217,2022-12-06 07:34:00, 投诉/求助 ,沧州市献县中燃燃气隔三差五每天断供天然气,河北省省长王正谱,116.122725,38.190185
16849022,2022-12-06 00:34:00, 投诉/求助 ,易县桥头乡村民冬季取暖的投诉,河北省保定市易县县委书记,115.497457,39.349393
16847383,2022-12-05 21:48:00, 投诉/求助 ,沧州献县河街小万村等村天然气多次停供且时间长,河北省沧州市委书记康彦民,116.838834,38.304477
16847046,2022-12-05 21:18:00, 投诉/求助 ,供暖问题,河北省沧州市献县县委书记,116.122725,38.190185
16846445,2022-12-05 20:23:00, 投诉/求助 ,中燃燃气公司天然气限购和随意停气,河北省保定市委书记党晓龙,115.464589,38.874434
12465085,2022-01-02 02:04:00, 投诉/求助 ,涞水县燃气三九天无故、无提前通知停气 ,河北省委书记倪岳峰,115.713904,39.394316
12523903,2022-01-05 10:55:00, 投诉/求助 ,关于留营华苑天然气经常性长时间停气问题,河北省石家庄市桥西区委书记,114.461088,38.004193
12530300,2022-01-05 21:37:00, 投诉/求助 ,天然气断供，做饭成问题,河北省委书记倪岳峰,114.461088,38.004193
12617422,2022-01-12 18:35:00, 投诉/求助 ,燃气经常停气,河北省邯郸市永年区委书记,114.538959,36.625594
12684448,2022-01-18 22:58:00, 投诉/求助 ,村里，停气问题谁能给解决,河北省邯郸市肥乡区委书记,114.538959,36.625594
12690634,2022-01-19 08:32:00, 投诉/求助 ,停气问题,河北省邯郸市肥乡区委书记,114.538959,36.625594
12699601,2022-01-20 04:48:00, 投诉/求助 ,留营华苑经常性长时间停气，停气期间扣费问题,河北省石家庄市委书记张超超,114.514793,38.042228
12700169,2022-01-20 05:57:00, 投诉/求助 ,长安区南村镇新南家园小区天然气断供多日,河北省石家庄市市长马宇骏,114.514793,38.042228
12711023,2022-01-21 05:09:00, 投诉/求助 ,奥德燃气公司供暖总停气,河北省沧州市委书记康彦民,116.838834,38.304477
12715187,2022-01-21 18:23:00, 投诉/求助 ,问题反映,河北省邯郸市涉县县委书记,113.6914,36.584994
12717473,2022-01-21 22:45:00, 投诉/求助 ,投诉奥德燃气公司供气不到位问题,河北省沧州市泊头市委书记,116.578367,38.083437
12730097,2022-01-23 05:31:00, 投诉/求助 ,天气寒冷，没有燃气,河北省邯郸市鸡泽县委书记,114.889376,36.91034
12732040,2022-01-23 09:20:00, 投诉/求助 ,求助,河北省委书记倪岳峰,117.332801,40.941482
12732550,2022-01-23 10:20:00, 投诉/求助 ,一到冬天天天停气，做饭都是问题,河北省邯郸市永年区委书记,114.538959,36.625594
12732623,2022-01-23 10:34:00, 投诉/求助 ,天然气公司长时间不按时送气,河北省邯郸市永年区委书记,114.538959,36.625594
12734418,2022-01-23 20:14:00, 投诉/求助 ,滦平大屯窑沟门异地搬迁小区供暖问题,河北省承德市滦平县委书记,117.332801,40.941482
12735050,2022-01-23 21:09:00, 投诉/求助 ,天然气天天半夜停气 做饭停气,河北省邯郸市委书记张维亮,114.538959,36.625594
12737582,2022-01-24 00:46:00, 投诉/求助 ,壁挂炉不能自动启动，问题始终不解决该谁监管,河北省邯郸市委书记张维亮,114.538959,36.625594
12740720,2022-01-24 05:23:00, 投诉/求助 ,华燃长通三九天无故停气，电话打不通,河北省邯郸市永年区委书记,114.538959,36.625594
12742637,2022-01-24 08:46:00, 投诉/求助 ,永年华燃长通谁该管管它,河北省邯郸市委书记张维亮,114.538959,36.625594
12746085,2022-01-24 20:59:00, 投诉/求助 ,邯郸市永年区甄庄村煤改气，经常停气,河北省邯郸市委书记张维亮,114.538959,36.625594
12748227,2022-01-25 00:30:00, 投诉/求助 ,天然气总是停,河北省保定市徐水区委书记,115.655774,39.018736
12775365,2022-01-27 18:24:00, 投诉/求助 ,供暖问题反映,河北省邯郸市委书记张维亮,114.538959,36.625594
12785316,2022-01-28 21:50:00, 投诉/求助 ,邯郸市丛台区小西堡乡王吕寨村冬季总是停气,河北省委书记倪岳峰,114.492896,36.636409
12789639,2022-01-29 07:25:00, 投诉/求助 ,关于永年区燃气供应不足经常停气问题,河北省邯郸市委书记张维亮,114.538959,36.625594
12799193,2022-01-30 18:31:00, 投诉/求助 ,大冬天经常停气,河北省委书记倪岳峰,114.530235,38.037433
12801997,2022-01-31 06:29:00, 投诉/求助 ,燃气公司每天停气不能正常取暖,河北省保定市委书记党晓龙,115.464589,38.874434
12804912,2022-02-01 03:49:00, 投诉/求助 ,满城区多个村燃气供不上,河北省保定市委书记党晓龙,115.464589,38.874434
12807057,2022-02-01 19:22:00, 投诉/求助 ,束馆镇北束馆村天然气问题,河北省邯郸市市长樊成华,114.538959,36.625594
12822489,2022-02-05 09:56:00, 投诉/求助 ,黄骅港政务大厅燃气购买处节假日期间能否安排人,河北省沧州市沧州渤海新区党工委书记,116.838834,38.304477
12864528,2022-02-09 11:56:00, 投诉/求助 ,泗庄镇供暖问题,河北省保定市高碑店市委书记,115.873886,39.326839
12889133,2022-02-12 06:58:00, 投诉/求助 ,天然气断气,河北省邯郸市广平县委书记,114.948606,36.483484
12893559,2022-02-12 23:47:00, 投诉/求助 ,河北省衡水市武强县无法雪天无法取暖,河北省衡水市委书记吴晓华,115.670177,37.73892
12897844,2022-02-13 11:08:00, 投诉/求助 ,天然气停气,河北省保定市满城区委书记,115.322334,38.949119
12903782,2022-02-14 05:23:00, 投诉/求助 ,农村天然气供应不上,河北省邯郸市肥乡区委书记,114.538959,36.625594
12904823,2022-02-14 07:50:00, 投诉/求助 ,燃气停气,河北省邯郸市广平县委书记,114.948606,36.483484
12906625,2022-02-14 16:48:00, 咨询 ,燃气频繁断气,河北省保定市委书记党晓龙,115.464589,38.874434
12908378,2022-02-14 21:26:00, 投诉/求助 ,天然气,河北省邯郸市邱县县委书记,115.200589,36.811148
12909479,2022-02-14 23:14:00, 投诉/求助 ,关于邯郸市邱县陈村回族乡供气问题,河北省委书记倪岳峰,115.200589,36.811148
12916236,2022-02-15 18:07:00, 投诉/求助 ,安平县辉煌能源有限公司,河北省衡水市市长董晓航,115.670177,37.73892
12925071,2022-02-16 06:18:00, 投诉/求助 ,灯明寺镇大安达村停天然气,河北省沧州市东光县委书记,116.537067,37.888248
12982756,2022-02-17 09:28:00, 投诉/求助 ,怎么冷的天为什么我们这里总是停气,河北省邯郸市市长樊成华,114.538959,36.625594
12987154,2022-02-17 10:26:00, 投诉/求助 ,夜间停气,河北省保定市唐县县委书记,114.982972,38.748203
12989124,2022-02-17 11:01:00, 投诉/求助 ,满城区神星镇大楼村,河北省保定市市长闫继红,115.464589,38.874434
12992522,2022-02-17 15:04:00, 投诉/求助 ,白沟翔灿燃气公司持续半个月凌晨停气,河北省保定市委书记党晓龙,115.464589,38.874434
12997180,2022-02-17 19:22:00, 投诉/求助 ,提前对管网进行降温,河北省邯郸市委书记张维亮,114.538959,36.625594
13038784,2022-02-18 02:27:00, 咨询 ,巨鹿县煤改气取暖问题,河北省邢台市委书记,114.504677,37.070834
13064006,2022-02-18 08:18:00, 投诉/求助 ,永年区好多小区从昨晚停气至今,河北省邯郸市永年区委书记,114.538959,36.625594
13065530,2022-02-18 08:41:00, 投诉/求助 ,求助省领导，邯郸市永年区何时能解决燃气不足问,河北省省长王正谱,114.538959,36.625594
13065847,2022-02-18 08:45:00, 投诉/求助 ,农村天然气,河北省委书记倪岳峰,114.492896,36.636409
13082016,2022-02-18 19:12:00, 投诉/求助 ,河北省邯郸市曲周县大河道乡,河北省省长王正谱,114.957504,36.76607
13086432,2022-02-18 20:27:00, 建言 ,邯郸永年天然气气常停气，人们生活取暖无保障,河北省省长王正谱,114.538959,36.625594
13147260,2022-02-19 07:22:00, 投诉/求助 ,天然气,河北省邯郸市曲周县委书记,114.957504,36.76607
13147493,2022-02-19 07:25:00, 投诉/求助 ,天然气随时停气,河北省邯郸市委书记张维亮,114.538959,36.625594
13150016,2022-02-19 07:52:00, 咨询 ,承德县高寺台暖气不热,河北省承德市承德县委书记,118.173824,40.768238
13244253,2022-02-20 07:39:00, 建言 ,请求领导百忙之中关注一下,河北省雄安新区党工委书记张国华,114.530235,38.037433
13314599,2022-02-21 09:08:00, 投诉/求助 ,天然气停气,河北省保定市高碑店市委书记,115.873886,39.326839
13315014,2022-02-21 09:14:00, 投诉/求助 ,停气,河北省保定市委书记党晓龙,115.464589,38.874434
13347280,2022-02-22 02:23:00, 投诉/求助 ,供暖季停气，让老百姓如何过冬,河北省保定市市长闫继红,115.464589,38.874434
13347586,2022-02-22 02:33:00, 投诉/求助 ,每天凌晨至上午停气，让老人和孩子如何过冬,河北省保定市定兴县委书记,115.808296,39.263145
13359663,2022-02-22 08:31:00, 投诉/求助 ,河北华燃长通燃气公司长时间停气,河北省委书记倪岳峰,114.538959,36.625594
13360543,2022-02-22 08:58:00, 投诉/求助 ,安国市黄台村燃气到晚上就停,河北省保定市安国市委书记,115.326646,38.418439
13424879,2022-02-23 20:13:00, 投诉/求助 ,峰峰矿区人民到吃饭点燃气公司就停气,河北省邯郸市委书记张维亮,114.538959,36.625594
13459170,2022-02-24 04:39:00, 投诉/求助 ,老是断气,河北省保定市定兴县委书记,115.808296,39.263145
13761952,2022-03-12 08:49:00, 投诉/求助 ,邯郸市肥乡区元固乡金河苑小区停气问题,河北省邯郸市委书记张维亮,114.538959,36.625594
13791000,2022-03-15 03:03:00, 投诉/求助 ,天然气,河北省邯郸市委书记张维亮,114.538959,36.625594
13811234,2022-03-16 20:40:00, 投诉/求助 ,天然气供应问题,河北省委书记倪岳峰,115.46438,38.457364
13828406,2022-03-18 02:30:00, 投诉/求助 , 丛台区建元小区二期暖气停气,河北省邯郸市丛台区委书记,114.492896,36.636409
13892537,2022-03-23 21:09:00, 投诉/求助 ,古冶区府西里小区供暖问题,河北省唐山市古冶区委书记,118.447635,39.733578
14121099,2022-04-13 06:24:00, 投诉/求助 ,天然气三天没气,河北省邯郸市魏县县委书记,114.93892,36.359868
14263673,2022-04-21 04:48:00, 投诉/求助 ,二街拆迁工作搁置 停气停网  居民如何生活,河北省石家庄市鹿泉区委书记,114.313654,38.085953
14298469,2022-04-23 12:02:00, 咨询 ,关于天然气公司乱收费问题,河北省石家庄市藁城区委书记,114.847023,38.021453
14461632,2022-05-02 08:14:00, 投诉/求助 ,求助,河北省保定市委书记党晓龙,115.464589,38.874434
14545808,2022-05-07 09:49:00, 投诉/求助 ,不知道领导知不知道这个情况,河北省保定市委书记党晓龙,115.464589,38.874434
14719215,2022-05-15 22:43:00, 投诉/求助 ,南庄头村停水停气,河北省保定市委书记党晓龙,115.464589,38.874434
14945932,2022-06-01 22:58:00, 投诉/求助 ,请给中考孩子一个安静安全安心环境,河北省石家庄市市长马宇骏,114.514793,38.042228
15113523,2022-06-16 06:58:00, 投诉/求助 ,邯郸华润燃气公司强行收费,河北省委书记倪岳峰,114.462061,36.639033
15144786,2022-06-19 07:59:00, 投诉/求助 ,仓顺路留村家园不是停水就是停气,河北省石家庄市桥西区委书记,114.461088,38.004193
15168523,2022-06-21 06:54:00, 投诉/求助 ,新奥燃气公司强制更换燃气灶,河北省保定市委书记党晓龙,115.464589,38.874434
15216930,2022-06-25 09:15:00, 咨询 ,酷暑停电,河北省保定市委书记党晓龙,115.464589,38.874434
15219352,2022-06-25 20:07:00, 投诉/求助 ,不购买公司燃气灶就不达标断气,河北省沧州市委书记康彦民,116.838834,38.304477
15325911,2022-07-04 22:22:00, 咨询 ,三河全员强制安装燃气装置的问题,河北省委书记倪岳峰,117.078294,39.982718
15376489,2022-07-08 23:42:00, 投诉/求助 ,石家庄金明燃气有限公司燃气安全装置安装难,河北省石家庄市委书记张超超,114.514793,38.042228
15393083,2022-07-10 22:05:00, 投诉/求助 ,关于新奥燃气公司强制要求居民更换新燃气灶问题,河北省保定市委书记党晓龙,115.464589,38.874434
15519015,2022-07-21 21:32:00, 咨询 ,天然气整改必须买天然气公司零件吗,河北省定州市委书记张涛,,
15533881,2022-07-23 04:59:00, 投诉/求助 ,粗暴方式不解决燃气实际问题，强制换表停气,河北省委书记倪岳峰,114.461088,38.004193
15539326,2022-07-24 20:07:00, 投诉/求助 ,强制换表停气，燃气公司霸道,河北省石家庄市委书记张超超,114.514793,38.042228
15600938,2022-07-31 09:19:00, 投诉/求助 ,天然气停气！基本生活无法保障！,河北省石家庄市委书记张超超,114.514793,38.042228
15609847,2022-08-01 05:45:00, 建言 ,申请改热力集中供暖,河北省委书记倪岳峰,115.873886,39.326839
15653298,2022-08-06 03:15:00, 建言 ,新安装的管道存在安全隐患,河北省沧州市泊头市委书记,116.578367,38.083437
15703789,2022-08-12 02:27:00, 投诉/求助 ,石家庄国宾壹号小区23号楼停天然气,河北省石家庄市委书记张超超,114.514793,38.042228
15759783,2022-08-18 06:55:00, 投诉/求助 ,新奥燃气突然停气 强迫安装自闭阀,河北省石家庄市市长马宇骏,114.514793,38.042228
15787722,2022-08-21 20:33:00, 投诉/求助 ,南石宝村天然停气好几天了没法做饭,河北省沧州市肃宁县委书记,115.829758,38.422801
15802555,2022-08-23 04:05:00, 咨询 ,有关居民安装燃气自闭阀的问题,河北省秦皇岛市市长丁伟,119.518197,39.888701
15812301,2022-08-24 04:28:00, 建言 ,颉庄村拆迁问题,河北省保定市市长闫继红,115.464589,38.874434
15829895,2022-08-25 23:38:00, 咨询 ,关于新奥燃气安装自闭阀的有关疑问,河北省石家庄市委书记张超超,114.514793,38.042228
15834170,2022-08-26 07:23:00, 投诉/求助 ,燃气问题,河北省石家庄市市长马宇骏,114.514793,38.042228
15837132,2022-08-26 20:55:00, 投诉/求助 ,新奥燃气随意停气,河北省石家庄市裕华区委书记,114.531202,38.00643
15971454,2022-09-09 22:48:00, 投诉/求助 ,邯郸磁县观台镇西保障村天然气断气一周多不通气,河北省邯郸市磁县县委书记,114.373946,36.374011
16121917,2022-09-25 08:32:00, 投诉/求助 ,停居民燃气30日,河北省邯郸市委书记张维亮,114.538959,36.625594
16262419,2022-10-12 20:22:00, 投诉/求助 ,民生问题,河北省邯郸市峰峰矿区委书记,114.212802,36.419739
16415624,2022-10-29 23:04:00, 建言 ,煤改气供暖问题,河北省省长王正谱,115.099494,40.608793
16421002,2022-10-30 11:09:00, 投诉/求助 ,目前北刘各庄尚有20多户未拆迁,河北省保定市市长闫继红,115.464589,38.874434
16492785,2022-11-06 00:57:00, 建言 ,邯郸市峰峰矿区煤气公司无缘无故的给老百姓停气,河北省委书记倪岳峰,114.212802,36.419739
16557452,2022-11-10 08:03:00, 建言 ,取暖问题，希望领导解决,河北省邯郸市委书记张维亮,114.538959,36.625594
16563587,2022-11-10 23:04:00, 投诉/求助 ,隆城绿都小区现在天天天然气停气,河北省石家庄市平山县委书记,114.195918,38.247888
16592922,2022-11-13 09:11:00, 投诉/求助 ,无故停气,河北省保定市定兴县委书记,115.808296,39.263145
16614769,2022-11-15 02:13:00, 投诉/求助 ,暖气年年不热,河北省邯郸市峰峰矿区委书记,114.212802,36.419739
16640950,2022-11-17 01:34:00, 投诉/求助 ,中燃宏洁安国分公司擅自停止供气,河北省保定市委书记党晓龙,115.464589,38.874434
16645926,2022-11-17 07:49:00, 投诉/求助 ,涞水县中燃公司供暖季限购100元燃气,河北省委书记倪岳峰,114.530235,38.037433
16649892,2022-11-17 20:24:00, 投诉/求助 ,肥乡区东河头堡金河苑小区取暖问题,河北省邯郸市委书记张维亮,114.538959,36.625594
16652083,2022-11-17 23:02:00, 咨询 ,天燃气什么时候给供,河北省雄安新区雄县县委书记,116.10865,38.99455
16653310,2022-11-18 00:46:00, 建言 ,取暖问题，希望领导给解决一下,河北省邯郸市委书记张维亮,114.538959,36.625594
16670590,2022-11-19 17:44:00, 投诉/求助 ,请求清苑区臧村镇政府恢复燃气管道供暖,河北省保定市委书记党晓龙,115.464589,38.874434
16673150,2022-11-19 23:44:00, 投诉/求助 ,富瑞康天然气公司停气一周至今不维修,河北省保定市委书记党晓龙,115.464589,38.874434
16691314,2022-11-21 09:18:00, 投诉/求助 ,曲周县南里岳乡北马店村天燃气无法使用,河北省邯郸市委书记张维亮,114.538959,36.625594
16695494,2022-11-21 22:17:00, 投诉/求助 ,保定涞水农村好几年冬天挨冻，望解决,河北省省长王正谱,115.713904,39.394316
16721104,2022-11-24 01:51:00, 投诉/求助 ,中燃限购停气,河北省委书记倪岳峰,114.530235,38.037433
16750199,2022-11-26 19:30:00, 投诉/求助 ,中燃限购停气,河北省保定市委书记党晓龙,115.464589,38.874434
16765217,2022-11-28 01:35:00, 投诉/求助 ,河北省保定市定兴县中燃集团天然气总是停气,河北省委书记倪岳峰,115.808296,39.263145
16768373,2022-11-28 06:00:00, 投诉/求助 ,供暖改造了，到底造福了谁,河北省保定市市长闫继红,115.464589,38.874434
16780966,2022-11-29 06:30:00, 投诉/求助 ,天然气供气,河北省沧州市委书记康彦民,116.838834,38.304477
16784510,2022-11-29 19:28:00, 投诉/求助 ,暖气停暖了,河北省唐山市古冶区委书记,118.447635,39.733578
16785247,2022-11-29 20:28:00, 投诉/求助 ,煤改气，总停气,河北省沧州市委书记康彦民,116.838834,38.304477
16807064,2022-12-01 19:43:00, 投诉/求助 ,天然气供应,河北省保定市委书记党晓龙,115.464589,38.874434
16807134,2022-12-01 19:51:00, 投诉/求助 ,燃气，一直停气,河北省保定市定兴县委书记,115.808296,39.263145
16807518,2022-12-01 20:33:00, 投诉/求助 ,县医院家属院天然气停供一周，反应多次不解决,河北省邯郸市磁县县委书记,114.373946,36.374011
16817725,2022-12-02 18:59:00, 投诉/求助 ,利坤燃气限购无故停气,河北省邯郸市临漳县委书记,114.619536,36.335025
16820701,2022-12-03 00:20:00, 投诉/求助 ,民生政务,河北省保定市定兴县委书记,115.808296,39.263145
16822607,2022-12-03 03:59:00, 咨询 ,中燃天然气   不供暖,河北省保定市定兴县委书记,115.808296,39.263145
16823251,2022-12-03 05:25:00, 投诉/求助 ,天然气限购和停气,河北省委书记倪岳峰,114.97634,38.179192
16826252,2022-12-03 16:29:00, 投诉/求助 ,中燃公司冬季停气问题！,河北省沧州市盐山县委书记,117.230602,38.058087
16826890,2022-12-03 19:54:00, 投诉/求助 ,章里集镇北柴屯村没水没天然气,河北省邯郸市临漳县委书记,114.619536,36.335025
16834850,2022-12-04 17:59:00, 投诉/求助 ,怎样保障农民冬季取暖,河北省保定市委书记党晓龙,115.464589,38.874434
16840497,2022-12-05 03:35:00, 建言 ,农村天然气取暖,河北省委书记倪岳峰,114.770419,37.350172
16841053,2022-12-05 04:28:00, 建言 ,我村经常停天然气,河北省委书记倪岳峰,114.530235,38.037433
16844344,2022-12-05 09:53:00, 投诉/求助 ,鸡泽县中燃公司 限购天然气。经常停气，,河北省邯郸市市长樊成华,114.538959,36.625594
16845394,2022-12-05 17:23:00, 投诉/求助 ,煤改气 ,河北省保定市委书记党晓龙,115.464589,38.874434
16846335,2022-12-05 20:14:00, 投诉/求助 ,燃气经常停供暖成问题,河北省保定市市长闫继红,115.464589,38.874434
